,level_0,index,0,1,2,3,4,5,6,7,8,9,10,11,12,13,14,15,16,17,18,19,20,21,22,23,24,25,26,27,28,29,30,31,32,33,34,35,36,37,38,39,40,41,Label,Sequence ID
0,0.0,0.0,19,191,94,222,165,219,213,211,245,207,190,126,254,110,297,103,337,97,165,103,237,89,291,87,340,90,129,94,175,139,193,197,203,246,87,101,128,142,144,188,152,228,a,1
1,1.0,1.0,19,191,94,222,165,219,213,211,245,207,190,126,254,110,297,103,337,97,165,103,237,89,291,87,340,90,129,94,175,139,193,197,203,246,87,101,128,142,144,188,152,228,a,1
2,2.0,2.0,20,199,93,218,161,214,209,209,249,210,194,123,260,108,304,104,345,101,166,97,238,87,291,90,336,97,127,86,181,135,197,198,205,247,83,95,125,137,145,182,155,218,a,1
3,3.0,3.0,19,191,92,209,158,202,205,190,247,179,184,114,250,97,291,89,330,81,158,86,227,76,280,77,327,79,120,72,175,123,185,189,189,239,79,77,121,122,140,170,150,207,a,1
4,4.0,4.0,19,189,93,206,157,199,205,188,248,179,185,113,249,99,290,92,331,85,159,85,228,77,280,77,326,80,120,72,176,121,187,183,190,231,79,78,121,121,141,167,152,204,a,1
5,5.0,5.0,21,185,91,203,157,195,203,182,242,173,187,108,249,90,289,80,327,71,159,78,227,68,276,67,320,68,120,63,174,115,182,178,183,227,77,68,119,111,138,157,148,194,a,1
6,6.0,6.0,20,183,92,202,154,193,199,180,240,170,183,105,246,90,287,82,326,73,156,76,225,66,276,65,321,67,117,63,172,111,182,172,185,220,75,68,117,108,137,155,149,192,a,1
7,7.0,7.0,25,182,93,200,156,192,199,179,239,168,184,102,245,84,285,75,324,66,155,73,223,62,275,60,320,62,114,59,170,105,180,167,182,217,70,64,113,103,133,148,143,185,a,1
8,8.0,8.0,24,181,93,198,154,190,198,178,238,167,181,101,243,85,283,77,322,68,154,73,222,61,275,60,321,61,114,60,170,106,179,167,181,216,71,66,114,104,134,150,144,187,a,1
9,9.0,9.0,24,181,92,199,154,190,197,177,239,166,179,99,242,84,283,75,322,66,151,71,221,61,273,59,319,60,112,58,169,107,177,170,179,219,70,64,112,105,131,151,141,189,a,1
10,10.0,10.0,23,181,92,198,153,189,196,177,238,166,180,99,244,85,284,76,324,67,152,70,221,61,273,59,320,59,113,58,170,108,176,170,177,218,71,64,113,105,130,151,140,188,a,1
11,11.0,11.0,22,182,89,199,151,191,194,180,236,169,180,100,243,86,283,78,323,70,152,71,222,62,274,61,320,62,113,58,169,109,173,172,172,221,71,64,112,106,129,154,138,191,a,1
12,12.0,12.0,23,183,89,200,152,191,195,179,235,167,180,101,244,87,284,79,324,71,152,72,222,63,274,62,321,63,112,59,169,109,174,172,173,221,70,65,112,106,129,153,138,191,a,1
13,13.0,13.0,15,182,82,201,147,193,192,181,237,170,173,102,239,90,281,83,321,75,146,73,218,64,271,63,316,64,108,59,165,112,168,176,165,225,67,65,109,109,122,157,127,194,a,1
14,14.0,14.0,15,182,83,201,147,192,193,179,237,169,176,105,242,90,283,82,323,75,149,74,220,63,271,62,317,64,110,60,166,111,169,175,166,224,68,65,110,107,124,154,130,191,a,1
15,15.0,15.0,14,181,84,202,147,194,190,182,234,172,176,103,240,90,281,83,320,77,148,72,217,67,269,68,315,72,109,58,160,116,163,180,160,229,67,63,104,110,117,159,122,196,a,1
16,16.0,16.0,15,182,84,203,146,196,190,184,234,174,175,104,238,92,279,85,318,78,148,73,217,68,269,68,315,71,109,59,161,116,162,180,159,229,66,64,105,110,117,159,122,196,a,1
17,17.0,17.0,11,184,80,204,144,197,189,187,235,180,170,104,235,93,277,88,317,83,143,73,212,70,265,72,310,78,104,60,154,121,154,186,150,237,61,66,99,114,109,163,113,201,a,1
18,18.0,18.0,8,182,78,203,143,196,188,185,233,178,171,104,236,94,278,89,317,84,143,74,213,70,266,72,311,77,105,60,157,121,155,186,148,236,62,67,100,115,110,163,112,200,a,1
19,19.0,19.0,3,183,73,205,139,199,186,190,233,183,168,107,234,97,277,93,316,91,142,76,213,77,266,81,311,89,104,62,153,129,148,194,139,243,62,69,98,122,104,170,105,208,a,1
20,20.0,20.0,2,183,74,204,139,198,185,189,231,183,169,105,235,97,277,95,316,93,142,75,211,75,264,80,308,89,103,62,154,129,150,193,141,241,62,69,99,121,106,170,105,206,a,1
21,21.0,21.0,2,181,75,204,140,201,186,194,232,188,170,107,236,99,278,98,317,98,143,77,212,80,264,87,308,100,104,63,152,134,146,199,136,248,62,70,96,125,101,174,100,211,a,1
22,22.0,22.0,4,182,75,203,140,199,185,192,232,188,169,106,235,99,277,98,316,98,141,75,210,79,262,87,306,98,103,63,152,133,147,198,137,247,60,70,97,123,102,171,101,207,a,1
23,23.0,23.0,4,184,74,204,140,200,186,194,231,188,170,108,235,100,277,98,317,99,143,77,210,80,262,87,307,98,104,64,151,133,144,200,134,249,60,69,95,123,100,173,99,210,a,1
24,24.0,24.0,5,184,75,204,140,200,186,193,232,188,170,109,235,100,277,99,316,99,142,78,210,80,261,87,304,97,103,64,151,132,145,198,136,248,60,70,95,123,100,171,99,208,a,1
25,25.0,25.0,4,181,76,202,141,199,186,193,232,188,171,107,236,99,278,99,317,100,143,76,211,80,262,88,307,99,104,63,152,133,146,199,136,249,60,69,95,122,101,170,100,208,a,1
26,26.0,26.0,4,183,74,204,140,200,186,193,232,188,171,108,235,99,277,98,316,99,143,77,210,80,262,88,306,99,104,63,151,133,145,199,136,248,60,68,95,121,101,169,101,207,a,1
27,27.0,27.0,3,182,74,204,139,200,186,194,231,189,171,109,236,101,277,100,316,102,144,78,211,81,263,89,307,102,105,64,151,134,144,200,134,249,61,70,94,124,100,173,100,210,a,1
28,28.0,28.0,3,182,74,204,139,200,184,193,231,188,170,108,235,100,277,99,316,101,143,77,210,81,261,89,305,101,104,63,151,134,144,200,135,249,60,69,94,122,100,171,101,208,a,1
29,29.0,29.0,2,182,74,203,139,200,186,195,232,190,171,108,236,102,278,102,317,105,144,77,214,82,266,91,310,104,105,64,152,136,143,201,133,248,61,71,95,125,100,174,100,211,a,1
30,30.0,30.0,3,183,75,204,139,200,185,194,231,190,170,108,235,102,277,102,316,104,142,77,211,82,262,90,306,103,103,64,151,135,144,200,134,249,60,70,95,124,100,172,100,208,a,1
31,31.0,31.0,1,181,73,204,139,200,186,195,232,191,170,107,236,102,278,103,317,105,143,77,213,83,265,92,310,105,104,63,152,135,145,200,134,248,61,70,95,124,101,171,101,208,a,1
32,32.0,32.0,2,182,74,203,138,200,185,194,232,190,170,108,235,102,277,103,316,105,143,77,211,82,262,91,306,104,104,64,152,134,145,199,135,247,60,70,95,123,101,171,100,208,a,1
33,33.0,33.0,2,182,73,204,139,201,185,195,230,191,171,109,236,103,278,104,317,106,144,78,213,83,264,92,308,105,106,64,152,136,144,201,134,249,62,70,96,126,101,175,101,212,a,1
34,34.0,34.0,2,183,73,204,138,201,184,194,231,191,170,109,235,103,277,103,316,105,143,78,212,82,263,91,307,104,105,64,152,136,144,200,134,248,61,70,95,125,100,173,99,210,a,1
35,35.0,35.0,1,182,73,205,138,201,184,195,231,191,171,110,236,104,278,104,317,107,144,78,213,83,264,92,308,105,105,64,152,137,143,201,132,249,61,70,95,126,100,174,100,211,a,1
36,36.0,36.0,2,184,73,205,138,201,184,195,230,190,171,110,236,104,278,104,317,106,144,79,212,84,263,92,306,104,105,65,151,137,143,202,132,249,61,71,95,126,100,175,99,211,a,1
37,37.0,37.0,0,183,71,205,137,202,184,197,230,193,169,110,236,104,278,104,317,106,143,79,212,84,263,93,307,106,103,66,150,138,141,203,130,250,60,72,94,128,97,176,95,213,a,1
38,38.0,38.0,0,183,71,204,137,201,183,195,230,191,168,109,235,104,277,104,316,106,142,79,211,84,262,92,306,105,103,65,151,137,142,201,130,249,60,72,95,127,98,176,96,212,a,1
39,39.0,39.0,0,185,71,206,136,203,183,197,229,193,169,113,235,106,277,106,316,108,142,81,211,84,262,93,306,105,103,66,149,139,138,204,126,251,59,71,92,127,94,175,91,211,a,1
40,40.0,40.0,0,185,71,206,137,203,183,197,229,193,170,112,235,105,277,106,316,108,143,81,210,84,261,93,305,105,103,66,149,138,139,203,127,250,59,72,92,127,94,175,90,211,a,1
41,41.0,41.0,-3,179,68,202,135,201,182,196,229,194,169,112,234,106,276,106,315,108,142,80,208,84,260,92,304,105,103,66,147,137,137,203,124,251,59,71,90,128,91,177,87,213,a,1
42,42.0,42.0,0,178,70,201,135,200,181,196,228,195,171,112,236,106,277,106,317,108,144,81,210,84,260,92,302,104,104,67,147,137,137,202,123,249,59,72,91,127,92,175,86,210,a,1
43,43.0,43.0,0,182,70,203,135,202,182,198,229,197,172,116,236,110,277,110,315,113,145,84,210,86,261,95,304,107,105,68,143,140,132,204,119,251,58,73,85,129,86,178,83,214,a,1
44,44.0,44.0,0,183,71,204,135,202,182,198,229,198,172,116,236,110,277,110,316,112,145,84,210,86,260,95,303,106,104,68,142,141,131,206,117,254,58,73,84,129,86,177,82,213,a,1
45,45.0,45.0,-4,180,69,207,135,212,182,209,225,209,173,124,232,119,272,122,309,127,149,92,210,99,259,110,301,125,110,76,139,160,125,221,110,260,64,80,82,152,78,201,70,232,a,1
46,46.0,46.0,-1,185,70,208,134,211,181,208,226,209,172,127,231,122,271,125,310,130,148,93,207,98,255,109,296,122,108,76,136,158,122,218,106,256,63,79,81,146,76,192,67,222,a,1
47,47.0,47.0,-7,180,62,212,126,224,173,227,215,235,167,128,217,133,253,137,283,148,137,95,141,186,115,246,93,285,93,86,90,185,76,232,64,263,44,91,49,163,46,201,43,225,a,1
48,48.0,48.0,-5,185,62,215,129,224,178,228,221,238,165,129,210,131,243,138,273,153,135,97,139,188,113,249,90,290,91,87,88,186,72,233,59,265,42,93,49,162,45,198,39,221,a,1
49,49.0,49.0,0,184,61,220,118,240,159,249,200,264,163,151,211,161,232,183,244,211,132,116,162,148,172,181,174,213,88,101,83,184,73,243,63,286,39,104,32,172,27,216,23,248,a,1
50,50.0,50.0,8,181,65,218,121,238,165,248,210,261,161,145,204,159,224,182,236,211,131,110,132,190,103,251,81,292,87,98,71,190,55,243,44,280,37,103,28,171,22,212,18,241,a,1
51,51.0,51.0,-1,186,60,224,119,240,158,255,195,276,170,150,208,180,236,205,261,233,137,118,175,164,208,206,233,246,89,107,92,200,77,266,63,309,36,114,36,191,29,239,22,272,a,1
52,52.0,52.0,-8,187,49,223,111,242,154,258,194,278,163,155,205,182,236,205,261,231,135,124,178,167,212,205,236,241,91,111,94,202,74,262,56,302,40,116,39,192,30,238,21,269,a,1
53,53.0,53.0,-14,177,48,215,112,235,157,253,197,274,164,146,208,176,238,202,266,228,134,118,178,165,211,208,235,248,87,109,94,206,77,265,60,302,37,119,39,198,30,242,20,268,a,1
54,54.0,54.0,-17,188,47,222,112,240,159,255,201,276,161,147,207,175,237,202,265,231,130,119,176,163,209,203,232,242,83,110,92,208,76,267,59,303,32,120,37,198,29,240,20,264,a,1
55,55.0,55.0,-25,177,42,217,108,236,156,252,197,272,158,147,208,173,239,200,267,228,131,119,178,162,212,204,235,244,87,109,93,207,75,266,59,304,36,119,37,201,29,246,22,274,a,1
56,56.0,56.0,-26,184,40,223,108,241,158,254,200,273,157,152,209,172,240,198,267,227,131,121,177,158,209,197,232,235,87,109,92,207,74,269,57,308,37,116,37,198,28,243,18,271,a,1
57,57.0,57.0,-27,177,41,217,108,236,157,250,197,268,159,150,209,172,238,197,264,225,132,121,177,159,209,198,232,238,88,109,92,206,72,266,56,306,37,115,36,196,28,242,21,271,a,1
58,58.0,58.0,-24,184,43,223,109,241,159,254,202,270,159,153,210,173,240,197,265,226,133,122,178,159,209,198,231,236,89,109,93,205,74,267,58,308,38,114,37,194,28,240,20,270,a,1
59,59.0,59.0,-24,178,44,217,111,237,160,252,201,270,160,151,211,171,239,196,263,226,133,122,178,160,208,199,229,239,89,111,93,207,73,266,57,304,38,117,38,197,29,242,21,270,a,1
60,60.0,60.0,-25,182,43,220,111,237,160,252,201,270,160,149,210,171,238,197,263,227,133,120,176,161,205,202,226,242,88,109,93,206,73,266,57,305,37,115,38,196,30,242,23,271,a,1
61,61.0,61.0,-27,178,41,217,109,236,157,254,198,275,158,149,210,172,238,200,260,232,131,121,178,163,208,205,228,247,87,111,93,209,72,269,56,307,36,119,38,200,28,244,20,272,a,1
62,62.0,62.0,-26,184,42,222,110,240,159,255,200,275,158,151,211,172,239,200,261,232,131,122,177,162,205,204,223,246,86,110,93,207,71,269,54,309,35,117,38,198,29,245,22,275,a,1
63,63.0,63.0,-27,181,41,220,109,239,157,255,199,275,157,151,210,173,238,201,260,233,131,122,177,162,207,204,227,246,87,111,92,209,71,269,54,308,37,118,38,199,29,245,22,274,a,1
64,64.0,64.0,-27,179,42,220,110,239,159,255,201,275,157,151,210,173,238,202,260,234,130,122,178,161,207,204,225,246,87,111,92,208,72,269,55,309,37,117,37,198,29,244,22,273,a,1
65,65.0,65.0,-26,181,44,220,111,239,159,255,201,275,157,150,211,172,239,200,260,233,130,122,177,162,206,206,224,249,86,111,92,209,71,270,55,309,36,118,38,199,29,244,22,273,a,1
66,66.0,66.0,-28,179,42,217,110,236,157,254,198,276,156,148,209,172,238,201,260,233,129,121,177,162,207,206,227,248,85,111,91,210,71,270,54,309,35,120,37,202,29,247,22,275,a,1
67,67.0,67.0,-21,185,47,223,112,241,159,255,200,275,158,153,211,174,238,202,259,234,131,123,177,163,204,206,221,248,88,111,91,208,71,269,55,308,38,118,37,198,28,244,22,273,a,1
68,68.0,68.0,-25,179,45,215,111,234,156,253,195,275,158,146,208,172,236,201,258,234,130,119,176,163,208,207,229,249,85,111,93,209,74,269,57,307,34,121,38,201,30,244,22,270,a,1
69,69.0,69.0,-24,187,46,223,110,241,156,257,194,277,160,150,209,175,236,204,257,239,132,122,176,164,204,208,222,251,87,111,92,211,71,271,55,309,36,119,37,201,27,244,18,269,a,1
70,70.0,70.0,-24,185,45,221,109,240,154,257,192,277,161,150,210,176,237,205,258,240,132,121,176,166,205,210,224,253,86,111,91,209,72,270,56,309,34,119,35,200,27,243,19,270,a,1
71,71.0,71.0,-23,195,44,232,111,249,158,262,196,279,165,159,211,180,238,207,259,239,137,127,177,169,202,213,219,256,90,114,92,210,72,272,56,313,37,119,36,200,26,245,17,272,a,1
72,72.0,72.0,-24,194,44,231,111,247,157,262,196,281,162,155,211,177,239,205,261,238,133,125,177,169,204,215,222,259,87,114,94,212,74,272,56,311,36,122,37,205,27,248,19,275,a,1
73,73.0,73.0,-25,193,47,234,114,252,160,266,200,281,166,161,210,186,236,212,258,244,137,129,175,174,202,218,220,261,90,116,90,214,71,275,54,314,37,121,34,204,24,248,15,274,a,1
74,74.0,74.0,-29,188,42,229,110,247,156,261,193,279,163,158,208,184,235,211,258,242,135,127,175,173,201,218,219,260,88,116,91,214,71,276,54,315,35,122,35,206,25,249,16,275,a,1
75,75.0,75.0,-8,209,65,251,134,270,177,281,204,282,178,168,215,192,234,221,249,253,142,133,168,180,187,226,200,268,89,118,84,213,65,280,50,326,32,122,27,205,18,257,11,292,a,1
76,76.0,76.0,-3,205,66,248,132,272,174,285,202,284,179,170,215,199,234,225,248,253,145,135,173,183,194,229,208,269,93,118,87,214,68,275,50,316,36,121,29,205,20,255,12,289,a,1
77,77.0,77.0,-4,202,63,247,123,283,158,314,189,341,177,194,216,243,202,292,184,322,139,160,159,225,143,282,128,320,88,144,72,231,49,293,35,334,30,145,14,220,6,275,5,315,a,1
78,78.0,78.0,0,202,60,253,120,291,147,325,163,360,181,195,213,248,193,297,173,324,143,162,154,237,132,294,115,326,90,147,76,235,55,298,42,338,30,149,19,225,11,282,9,323,a,1
79,79.0,0.0,230,127,270,160,327,170,370,166,408,161,372,127,437,124,475,126,510,127,363,102,434,101,479,111,516,120,345,82,384,115,352,152,325,172,320,69,356,97,348,127,333,143,a,1
80,80.0,1.0,230,127,270,160,327,170,370,166,408,161,372,127,437,124,475,126,510,127,363,102,434,101,479,111,516,120,345,82,384,115,352,152,325,172,320,69,356,97,348,127,333,143,a,1
81,81.0,2.0,261,104,311,149,364,162,404,163,444,157,410,110,473,120,512,130,548,139,405,87,473,99,517,115,554,129,391,71,426,116,392,141,364,150,371,64,406,102,390,129,368,141,a,1
82,82.0,3.0,268,109,313,153,366,165,406,163,446,161,415,119,477,125,516,132,552,139,409,94,476,103,520,117,558,128,396,74,427,117,392,145,365,158,377,62,408,101,390,129,368,143,a,1
83,83.0,4.0,303,99,349,153,401,167,442,168,481,162,448,120,510,133,549,147,582,159,445,100,514,118,560,137,600,151,435,83,478,125,442,144,413,151,421,76,461,112,442,135,417,145,a,1
84,84.0,5.0,309,101,351,153,403,168,444,166,480,168,454,127,511,140,550,151,586,163,451,109,516,124,563,140,604,153,442,92,500,119,522,138,543,149,425,84,471,115,474,137,470,148,a,1
85,85.0,6.0,346,107,384,156,441,173,490,174,526,169,498,123,556,140,579,158,601,169,500,104,555,142,573,167,591,180,497,90,532,150,488,169,458,170,493,80,539,131,535,163,533,179,a,1
86,86.0,7.0,370,107,401,164,453,182,495,180,528,174,509,138,567,155,600,171,628,181,516,115,588,142,637,166,675,184,516,95,556,152,512,178,478,187,512,83,532,142,495,168,462,177,a,1
87,87.0,8.0,368,113,402,165,456,183,503,179,535,171,508,134,558,160,550,176,543,176,517,115,586,147,628,174,664,191,515,96,566,152,539,179,520,187,510,82,536,143,500,169,467,177,a,1
88,88.0,9.0,372,119,406,173,453,194,489,199,515,197,521,145,578,166,612,184,643,199,528,125,592,152,632,178,660,200,526,108,555,171,507,197,468,205,516,97,537,154,506,183,474,193,a,1
89,89.0,10.0,369,120,399,171,449,194,490,199,516,195,516,144,574,167,605,185,631,199,525,123,593,153,634,182,667,204,523,105,555,167,509,194,472,204,514,95,537,156,505,184,474,195,a,1
90,90.0,11.0,356,139,390,198,445,220,488,220,523,215,513,167,571,197,605,219,637,236,520,147,587,184,630,216,667,243,516,129,545,197,488,219,449,224,506,121,519,188,472,211,436,217,a,1
91,91.0,12.0,334,144,369,200,428,222,471,225,506,221,500,165,557,199,594,221,629,237,503,145,572,192,621,226,661,253,497,130,525,205,466,225,424,227,485,125,505,192,462,211,425,213,a,1
92,92.0,13.0,326,139,364,195,423,221,469,229,510,226,495,160,557,195,592,219,625,237,499,141,570,187,618,223,659,251,493,126,527,203,470,221,431,220,482,123,504,194,458,212,419,211,a,1
93,93.0,14.0,290,135,321,194,378,228,415,233,443,224,469,166,533,206,578,232,619,254,473,141,543,193,596,228,640,258,463,124,469,212,406,225,362,223,441,119,447,191,408,211,377,213,a,1
94,94.0,15.0,256,123,295,185,349,219,387,230,416,229,437,155,497,199,537,224,570,241,439,132,511,186,565,222,611,251,427,117,441,208,381,222,340,219,406,115,416,191,377,210,344,210,a,1
95,95.0,16.0,255,127,298,187,351,221,389,231,419,227,437,156,499,199,540,223,576,241,438,132,512,182,565,218,611,248,426,115,442,207,383,225,342,225,404,113,416,189,376,212,342,215,a,1
96,96.0,17.0,226,122,272,181,323,213,357,227,382,231,413,147,476,191,517,218,554,238,411,124,482,179,536,216,581,248,393,109,407,203,351,216,311,213,366,107,379,183,344,202,313,203,a,1
97,97.0,18.0,227,120,274,183,327,218,363,231,390,235,414,151,475,196,516,221,554,241,412,127,483,179,539,214,586,245,395,111,407,204,349,221,306,219,368,109,379,183,343,205,309,208,a,1
98,98.0,19.0,184,124,230,180,288,211,330,217,364,215,371,159,434,192,475,213,512,232,367,124,437,168,483,200,519,229,344,98,353,185,303,206,265,210,305,86,310,160,278,188,251,198,a,1
99,99.0,20.0,154,129,214,184,278,207,324,213,364,212,352,143,413,183,455,207,496,229,341,111,405,160,450,192,490,221,312,89,326,183,276,210,238,216,270,81,285,154,261,180,239,186,a,1
100,100.0,21.0,153,118,212,176,272,202,317,207,355,212,349,143,413,182,455,205,495,227,339,109,409,161,455,195,495,225,312,87,328,179,278,205,241,213,274,82,287,156,258,185,232,194,a,1
101,101.0,22.0,135,131,198,185,262,206,308,211,347,212,336,139,395,180,436,205,476,229,324,109,390,162,436,198,477,228,294,89,311,184,262,211,224,218,252,84,267,161,240,191,215,200,a,1
102,102.0,23.0,121,122,179,179,240,205,283,211,320,214,319,141,382,181,422,206,461,229,308,109,377,162,425,198,466,229,278,90,292,186,244,211,208,216,236,87,247,164,221,193,196,201,a,1
103,103.0,24.0,120,120,184,178,245,201,288,207,327,207,318,136,380,179,421,205,461,229,305,106,373,162,422,199,465,231,275,88,291,182,244,209,208,216,234,87,248,163,222,193,196,203,a,1
104,104.0,0.0,65,87,106,118,150,151,173,175,195,195,141,79,173,107,203,131,231,153,94,74,95,149,103,204,104,241,53,84,41,171,40,228,38,267,24,105,20,175,19,209,19,234,a,3
105,105.0,1.0,65,87,106,118,150,151,173,175,195,195,141,79,173,107,203,131,231,153,94,74,95,149,103,204,104,241,53,84,41,171,40,228,38,267,24,105,20,175,19,209,19,234,a,3
106,106.0,2.0,20,144,67,172,124,188,166,195,204,200,147,122,194,120,225,125,257,132,117,93,162,117,203,144,242,170,75,76,84,144,88,203,95,252,26,75,29,134,32,183,34,222,a,3
107,107.0,3.0,23,136,73,163,127,173,162,176,189,180,153,94,203,96,238,103,269,113,114,62,161,91,197,117,229,143,66,52,80,136,80,197,79,240,19,63,28,133,33,181,35,215,a,3
108,108.0,4.0,11,142,64,172,119,180,154,178,184,176,152,95,205,105,244,112,279,119,118,63,169,84,215,103,253,124,74,52,93,138,85,204,76,247,29,63,39,138,39,190,37,224,a,3
109,109.0,5.0,19,136,72,166,126,174,161,173,187,170,158,75,209,91,251,105,285,118,121,46,142,126,123,195,107,233,76,45,87,138,77,194,65,219,33,60,44,134,41,176,36,193,a,3
110,110.0,6.0,7,126,63,156,118,166,155,169,188,172,158,77,211,93,253,106,287,122,125,47,148,125,135,189,122,227,80,44,92,136,79,193,66,221,35,56,47,128,46,171,42,191,a,3
111,111.0,7.0,3,134,61,162,121,172,158,174,182,169,158,85,214,99,253,108,289,117,125,58,180,89,221,108,255,124,81,51,109,140,94,192,78,221,35,62,56,134,53,174,45,195,a,3
112,112.0,8.0,-1,136,59,162,116,171,153,173,186,176,156,86,212,102,250,111,285,121,125,59,181,95,221,114,254,131,82,51,110,144,96,195,79,224,36,62,56,132,51,169,42,187,a,3
113,113.0,9.0,-6,135,55,162,113,169,153,171,188,175,155,80,210,98,248,108,282,122,124,55,174,105,201,131,223,153,80,49,105,144,91,193,74,223,33,62,52,133,47,168,39,186,a,3
114,114.0,10.0,6,154,66,178,123,185,160,183,187,180,165,93,217,113,254,125,287,138,131,64,177,101,212,122,240,141,85,56,105,150,94,203,78,233,37,67,53,138,49,173,40,191,a,3
115,115.0,11.0,4,144,66,173,126,183,163,186,182,187,163,92,218,117,256,134,288,151,131,63,171,124,196,153,214,172,86,56,99,162,85,211,69,234,38,68,49,151,43,185,35,197,a,3
116,116.0,12.0,9,152,70,176,125,183,161,185,189,192,162,89,213,114,250,131,283,148,126,62,161,133,177,169,188,192,80,57,95,163,83,212,68,236,32,71,46,150,43,183,35,195,a,3
117,117.0,13.0,8,147,68,175,123,184,158,185,188,194,160,92,213,117,255,139,286,161,126,63,144,157,125,219,107,253,80,60,86,166,67,214,52,234,34,73,42,155,36,192,29,205,a,3
118,118.0,14.0,12,146,70,174,125,184,159,185,189,193,160,89,215,116,256,139,289,163,125,62,158,151,162,205,162,234,78,60,92,168,75,216,59,235,32,73,43,155,38,191,30,202,a,3
119,119.0,15.0,14,157,69,181,122,185,156,188,184,199,167,100,220,127,257,150,287,175,132,73,178,133,212,168,237,197,85,69,97,170,78,218,61,239,36,82,46,162,38,194,29,203,a,3
120,120.0,16.0,6,162,63,188,118,194,156,195,187,204,164,106,217,134,257,158,289,184,130,78,174,152,195,188,210,214,83,72,94,177,74,221,57,238,34,84,44,165,36,195,28,201,a,3
121,121.0,17.0,-1,152,60,184,119,194,157,198,190,210,159,104,214,133,253,160,283,188,126,77,153,167,150,213,145,239,80,74,88,185,70,228,53,244,32,87,43,171,36,203,27,210,a,3
122,122.0,18.0,-1,154,61,183,122,192,161,199,191,215,156,101,209,137,248,167,277,196,119,77,139,181,124,239,110,267,72,78,82,190,65,231,50,241,25,94,38,175,35,203,29,206,a,3
123,123.0,19.0,2,151,67,180,124,191,161,199,192,212,160,101,212,137,251,165,281,194,122,78,163,165,179,210,188,237,75,77,92,190,77,232,61,245,28,93,43,177,39,206,31,210,a,3
124,124.0,20.0,4,154,66,184,124,194,160,200,190,211,160,105,212,137,251,166,280,194,123,80,152,172,151,225,148,251,75,79,88,189,70,232,53,241,29,93,41,175,34,204,25,204,a,3
125,125.0,21.0,6,151,67,180,124,191,160,199,190,214,160,105,213,137,251,165,279,193,123,81,151,172,151,223,148,251,75,80,86,188,70,232,54,244,29,94,40,175,35,206,28,210,a,3
126,126.0,22.0,7,154,65,184,124,192,161,198,192,212,158,106,210,136,249,164,278,191,121,80,139,180,121,242,104,272,74,79,81,187,63,232,47,242,27,94,37,174,32,205,26,208,a,3
127,127.0,23.0,6,149,64,182,121,192,158,198,193,213,158,107,209,136,249,164,277,191,121,81,138,183,118,247,99,279,74,81,79,189,62,232,47,243,28,95,35,175,30,206,25,208,a,3
128,128.0,24.0,8,152,66,183,124,192,162,198,195,213,161,107,212,137,252,165,282,191,123,81,143,181,126,244,111,274,75,80,83,188,64,233,48,242,29,93,38,174,32,206,26,208,a,3
129,129.0,25.0,3,151,60,185,119,194,157,199,193,212,158,108,209,137,248,164,276,191,122,81,138,183,115,246,93,277,75,80,81,189,62,231,46,241,29,94,38,175,32,205,26,208,a,3
130,130.0,26.0,7,147,66,179,124,191,160,199,191,212,161,106,214,137,255,165,286,192,122,81,157,173,163,229,165,258,74,79,89,190,72,236,56,246,28,92,40,174,35,206,28,207,a,3
131,131.0,27.0,5,151,63,183,122,194,159,201,189,211,161,110,214,137,252,165,281,192,124,84,161,163,172,210,178,237,77,81,90,187,73,233,57,246,30,93,43,172,37,203,30,206,a,3
132,132.0,28.0,7,154,65,184,123,193,159,200,191,214,160,108,214,138,252,165,281,191,124,83,154,170,154,220,152,245,78,80,90,188,71,232,54,244,31,93,43,173,36,204,28,206,a,3
133,133.0,29.0,8,155,65,187,123,197,160,201,190,211,160,107,213,137,251,165,279,193,124,81,149,174,143,228,134,257,78,79,87,187,69,233,52,246,31,92,41,174,37,206,31,211,a,3
134,134.0,30.0,9,159,66,190,122,197,158,201,190,213,160,110,211,138,250,165,278,192,124,82,145,175,135,233,123,264,76,81,82,187,65,232,49,246,29,94,37,174,32,205,25,210,a,3
135,135.0,31.0,10,154,68,185,124,195,158,201,191,215,161,109,211,139,250,166,279,194,124,83,139,184,122,245,106,276,76,83,79,191,62,233,47,244,29,97,35,177,31,206,25,209,a,3
136,136.0,32.0,10,156,66,188,123,196,160,200,194,214,161,110,210,139,250,165,278,192,124,83,137,184,116,247,97,280,76,82,77,190,60,231,46,241,29,95,34,175,29,204,24,205,a,3
137,137.0,33.0,11,154,68,187,124,197,160,202,193,215,162,111,211,141,250,168,278,195,125,84,141,184,123,246,107,279,77,82,80,190,63,232,48,242,31,95,36,176,30,205,25,207,a,3
138,138.0,34.0,9,159,65,191,123,198,160,200,194,215,159,111,208,140,248,166,277,193,122,83,133,186,108,250,86,282,74,81,76,188,58,230,44,240,28,95,33,175,28,203,22,205,a,3
139,139.0,35.0,17,158,74,188,128,197,162,201,193,214,164,110,211,139,249,165,277,193,126,84,140,182,125,240,111,273,78,83,80,191,64,233,51,246,30,97,36,179,33,211,28,217,a,3
140,140.0,36.0,15,156,71,186,124,196,157,204,188,218,164,111,217,142,256,169,284,196,127,86,155,174,160,223,161,251,79,84,85,190,68,232,54,242,31,97,38,176,34,203,29,203,a,3
141,141.0,37.0,11,156,69,186,123,196,157,204,186,217,164,115,218,144,255,168,283,194,128,89,171,154,197,190,216,216,81,85,93,187,77,232,62,248,34,96,43,174,39,202,33,206,a,3
142,142.0,38.0,4,155,62,187,121,198,158,205,185,212,162,118,215,144,253,169,283,193,128,92,177,145,212,178,238,203,82,86,99,187,80,234,63,251,36,97,49,175,42,207,34,215,a,3
143,143.0,39.0,-1,158,59,186,118,195,158,202,193,218,153,108,207,141,245,167,275,190,119,85,153,176,156,223,155,248,74,84,90,193,74,236,58,249,28,99,43,178,39,207,33,212,a,3
144,144.0,40.0,4,158,64,187,122,196,161,201,194,218,159,109,211,140,250,167,279,195,123,83,145,180,136,238,127,271,76,82,85,192,69,234,55,247,29,96,39,176,35,205,29,208,a,3
145,145.0,41.0,4,153,63,185,122,195,160,201,192,215,159,110,210,139,249,166,277,193,123,85,142,181,128,239,114,268,76,85,83,191,65,233,49,244,30,98,40,178,35,209,27,212,a,3
146,146.0,42.0,9,157,67,187,124,197,162,201,194,215,159,109,210,139,249,165,279,191,122,83,146,180,137,235,127,263,75,82,84,193,68,235,54,244,29,97,41,177,35,206,29,208,a,3
147,147.0,43.0,9,158,66,189,123,197,160,201,193,216,161,111,209,140,248,165,276,192,124,84,136,186,113,248,92,279,77,83,80,191,62,232,47,243,30,97,37,178,32,208,26,212,a,3
148,148.0,44.0,13,162,68,192,124,198,161,200,196,213,159,109,207,139,246,164,274,190,122,82,131,188,103,249,78,279,74,82,77,189,60,229,46,238,28,97,36,176,31,205,26,208,a,3
149,149.0,45.0,16,154,70,180,123,187,157,197,188,215,165,109,216,139,257,164,287,191,128,84,160,177,165,231,165,265,80,82,87,191,69,231,53,242,33,95,40,176,34,203,27,203,a,3
150,150.0,46.0,13,156,67,186,121,195,156,201,188,215,163,113,216,139,254,164,281,190,127,86,156,172,162,218,164,245,80,83,85,189,68,229,53,239,33,95,39,174,34,201,28,201,a,3
151,151.0,47.0,7,157,65,188,121,197,159,201,191,212,161,114,214,139,253,164,281,192,127,88,160,170,166,217,167,246,81,84,91,189,73,233,56,247,36,95,44,174,38,206,30,212,a,3
152,152.0,48.0,6,158,66,188,123,197,161,202,192,215,159,110,212,139,251,165,280,191,123,84,152,173,152,221,147,246,77,82,88,191,71,233,55,245,31,96,44,176,38,206,30,209,a,3
153,153.0,49.0,8,157,68,188,125,197,162,202,192,214,162,109,212,140,250,166,279,194,126,83,146,179,138,234,127,264,79,82,86,191,69,233,54,244,32,97,41,178,36,207,29,211,a,3
154,154.0,50.0,8,154,66,186,124,196,162,201,193,213,163,111,212,139,251,166,280,193,127,85,152,178,150,232,145,263,80,83,86,192,70,234,55,245,34,96,41,179,35,208,29,211,a,3
155,155.0,51.0,9,157,68,188,126,197,163,202,194,216,161,110,211,138,250,165,278,192,124,84,146,177,136,233,125,263,78,82,85,191,67,234,52,247,33,96,42,178,35,209,29,213,a,3
156,156.0,52.0,8,156,66,187,124,196,163,201,195,215,159,109,209,139,248,166,276,192,123,82,138,185,117,248,98,280,76,82,80,191,64,233,49,243,31,96,38,178,33,209,27,212,a,3
157,157.0,53.0,10,159,68,189,124,196,162,200,197,216,161,110,209,140,248,167,276,193,124,83,136,186,115,249,96,280,76,83,78,192,62,232,48,241,30,97,35,179,30,208,25,209,a,3
158,158.0,54.0,13,158,70,188,125,195,162,200,196,214,161,110,210,140,249,166,278,193,124,83,135,186,115,251,95,284,76,83,78,191,62,232,48,243,30,97,35,178,31,207,25,209,a,3
159,159.0,55.0,17,162,74,189,127,194,162,200,193,216,162,107,212,138,250,165,278,195,124,81,150,177,149,231,142,262,77,81,84,190,67,232,51,245,30,96,38,178,33,207,27,211,a,3
160,160.0,56.0,19,158,72,182,124,186,158,196,188,216,166,107,220,139,262,167,291,197,128,82,168,172,184,223,192,256,80,80,90,191,72,231,55,242,32,94,41,178,34,205,25,206,a,3
161,161.0,57.0,13,159,70,184,124,190,159,196,188,213,167,113,221,142,261,168,291,195,131,86,181,154,217,192,244,222,83,82,93,187,73,227,56,239,34,95,42,175,35,200,27,201,a,3
162,162.0,58.0,7,159,64,188,119,197,156,202,189,215,163,117,218,144,256,168,286,194,129,89,175,153,205,188,226,214,83,83,95,187,76,231,59,248,35,93,45,172,39,201,31,207,a,3
163,163.0,59.0,6,153,65,186,122,196,163,201,200,215,162,110,217,139,256,168,286,196,128,83,154,180,150,230,145,255,84,80,90,195,71,232,56,237,39,94,47,180,39,207,30,205,a,3
164,164.0,60.0,6,156,66,189,125,197,166,202,202,217,163,110,217,140,255,168,284,197,129,83,152,183,145,234,136,260,84,81,90,195,72,233,56,241,39,96,49,180,42,208,34,209,a,3
165,165.0,61.0,9,147,71,182,131,192,173,201,210,220,173,110,227,143,268,171,300,198,139,84,157,190,143,248,132,279,93,82,95,198,74,236,60,243,47,96,52,182,45,210,39,211,a,3
166,166.0,62.0,1,156,66,188,128,195,171,201,210,221,166,109,221,145,262,169,294,193,132,83,148,194,121,252,101,277,88,83,95,196,75,235,60,243,41,98,52,180,46,208,42,209,a,3
167,167.0,63.0,0,146,68,178,127,188,168,200,203,216,170,107,227,145,266,172,300,198,138,85,188,163,218,201,243,229,93,84,113,197,92,237,72,249,47,98,62,183,53,210,43,213,a,3
168,168.0,64.0,1,163,71,188,130,194,169,202,204,220,174,110,228,147,266,170,300,191,141,88,196,151,238,184,272,210,95,84,117,196,97,240,79,255,45,98,63,182,55,209,45,212,a,3
169,169.0,65.0,-2,155,68,181,128,189,168,200,205,219,171,107,227,146,264,172,296,197,139,85,190,154,224,190,249,217,94,83,116,194,96,237,76,252,45,98,62,182,54,209,43,214,a,3
170,170.0,66.0,-2,157,68,184,127,192,166,202,201,219,173,112,228,148,265,171,298,192,142,90,199,143,243,174,279,198,97,86,121,193,99,238,77,254,48,100,65,184,55,214,43,220,a,3
171,171.0,67.0,1,164,71,189,131,194,175,198,216,214,168,96,223,135,263,162,296,187,135,73,153,185,122,242,97,268,91,75,101,189,80,230,63,244,44,93,59,177,52,209,44,217,a,3
172,172.0,68.0,8,162,78,187,135,192,175,195,212,212,171,99,223,138,263,165,291,191,136,74,144,188,113,240,86,261,89,77,93,194,74,228,59,235,41,96,52,182,46,208,40,210,a,3
173,173.0,69.0,12,158,77,184,135,189,177,193,211,206,176,99,231,131,273,156,305,183,142,74,178,166,187,210,194,237,95,72,108,188,89,228,74,239,47,88,60,173,54,202,47,205,a,3
174,174.0,70.0,12,161,78,190,137,195,177,196,210,208,177,101,229,136,269,160,298,184,142,74,157,178,131,234,108,263,96,73,103,186,83,225,67,237,47,88,59,172,53,200,47,204,a,3
175,175.0,71.0,8,155,76,182,136,188,179,192,214,205,177,99,233,132,274,158,306,185,145,75,184,167,196,209,205,235,99,74,114,191,93,229,76,239,52,90,66,177,58,204,50,205,a,3
176,176.0,72.0,7,159,75,185,134,190,176,192,216,210,174,98,228,134,268,158,298,180,141,74,160,177,134,234,111,260,96,75,107,186,87,228,71,240,49,90,64,172,58,203,52,209,a,3
177,177.0,73.0,7,156,75,182,134,187,176,191,211,205,176,100,231,133,271,158,303,183,144,77,185,160,201,197,214,220,99,76,116,189,96,228,79,241,51,92,68,177,61,205,52,209,a,3
178,178.0,74.0,2,147,75,174,136,182,177,194,211,212,180,104,239,142,278,169,312,194,149,84,208,140,253,171,291,197,105,82,131,191,104,233,81,247,58,97,76,182,64,211,51,215,a,3
179,179.0,75.0,0,155,74,184,135,191,175,200,211,212,180,109,239,143,278,167,314,189,149,85,211,137,258,168,296,194,104,80,131,190,106,236,83,253,56,93,76,176,65,206,51,212,a,3
180,180.0,76.0,2,164,77,192,138,199,180,205,219,220,185,112,247,150,288,180,324,208,150,89,203,161,230,195,251,216,103,86,127,200,102,241,80,253,54,100,75,184,63,210,50,211,a,3
181,181.0,77.0,3,170,82,202,149,209,194,216,232,235,193,119,255,158,298,193,332,226,159,94,198,195,194,242,187,266,112,93,133,211,105,249,80,259,63,108,87,194,78,224,66,228,a,3
182,182.0,78.0,0,171,80,205,148,211,194,215,236,236,192,118,254,161,296,195,332,227,157,93,186,203,162,254,142,276,111,92,132,212,103,250,79,258,63,107,87,194,78,224,68,228,a,3
183,183.0,79.0,10,162,92,200,162,213,210,221,250,234,220,143,285,177,329,201,365,222,190,113,251,170,296,200,329,224,143,101,158,203,132,244,108,259,92,106,100,189,88,220,74,227,a,3
184,184.0,80.0,-2,164,82,205,154,218,202,225,244,230,212,133,278,170,321,194,359,217,187,109,257,163,311,199,358,227,145,101,166,209,133,250,107,263,96,111,109,195,93,226,79,232,a,3
185,185.0,81.0,30,151,113,191,184,202,229,200,263,198,252,134,320,169,364,190,404,210,228,101,297,150,348,184,394,211,184,85,198,185,161,218,133,225,132,87,139,170,121,196,105,195,a,3
186,186.0,82.0,27,154,111,195,184,206,231,202,268,194,250,137,319,166,364,185,405,202,227,104,298,152,349,185,395,210,184,87,198,187,160,220,131,226,132,88,141,171,122,198,105,198,a,3
187,187.0,83.0,53,130,140,172,216,181,266,179,310,183,282,114,362,153,415,176,462,198,260,82,343,135,406,167,463,192,219,66,236,173,192,205,159,210,168,69,176,154,154,181,135,183,a,3
188,188.0,84.0,50,130,139,172,219,182,273,185,322,195,283,112,365,148,418,173,465,195,259,82,344,137,408,173,464,201,216,65,240,171,197,209,163,220,165,67,181,150,158,184,136,192,a,3
189,189.0,85.0,47,129,137,172,218,182,272,181,319,187,285,114,367,151,419,174,467,197,261,82,345,138,408,174,466,202,218,65,240,171,195,206,161,214,167,66,180,151,158,182,137,186,a,3
190,190.0,86.0,76,121,164,171,252,180,310,179,357,185,322,101,408,139,466,168,519,195,296,66,382,123,447,160,507,189,250,50,274,170,227,205,192,208,197,54,213,151,191,183,172,186,a,3
191,191.0,87.0,75,122,165,172,253,183,313,183,362,193,325,104,412,143,468,170,518,195,299,69,386,125,449,162,506,191,253,50,275,165,230,201,196,209,199,53,214,147,192,182,170,188,a,3
192,192.0,88.0,104,118,193,174,281,191,339,196,387,195,356,96,448,144,508,179,564,210,330,62,429,128,500,174,561,210,284,48,316,178,264,213,224,214,230,56,250,157,227,190,206,193,a,3
193,193.0,89.0,122,115,213,177,301,197,363,212,417,224,387,98,486,160,549,202,605,238,359,66,465,145,540,196,603,238,313,55,353,194,299,235,253,242,258,67,286,171,261,212,234,223,a,3
194,194.0,90.0,119,122,216,182,304,201,362,211,413,212,397,102,493,164,553,206,608,243,368,67,467,143,537,193,601,234,319,54,348,197,290,237,247,245,259,64,283,173,254,218,228,233,a,3
195,195.0,91.0,134,119,234,183,323,209,381,226,427,234,415,102,513,178,575,228,633,271,390,73,492,158,561,215,623,263,345,65,377,211,318,251,274,258,289,81,309,195,278,238,251,251,a,3
196,196.0,92.0,132,121,236,184,324,210,380,230,425,239,419,101,511,175,571,222,628,263,391,72,488,155,554,208,613,252,344,64,378,214,319,254,275,260,286,78,307,197,274,244,247,259,a,3
197,197.0,0.0,121,359,166,334,198,298,213,268,224,248,171,233,201,220,225,216,249,213,143,232,182,228,214,235,242,241,113,244,153,258,182,288,204,314,85,268,118,282,140,306,154,327,a,1
198,198.0,1.0,121,359,166,334,198,298,213,268,224,248,171,233,201,220,225,216,249,213,143,232,182,228,214,235,242,241,113,244,153,258,182,288,204,314,85,268,118,282,140,306,154,327,a,1
199,199.0,2.0,118,343,162,318,192,281,201,253,197,233,164,220,191,206,212,201,233,198,136,218,168,210,198,211,225,214,107,231,143,236,171,262,194,287,80,254,110,260,131,281,147,300,a,1
200,200.0,3.0,118,329,159,307,189,270,193,242,180,227,160,210,184,194,204,184,224,175,133,207,163,194,192,190,219,187,104,217,140,219,164,246,183,270,77,237,107,241,128,262,143,282,a,1
201,201.0,4.0,115,315,154,295,184,261,193,236,186,220,158,201,182,182,200,170,218,159,131,197,156,182,181,177,205,174,101,205,134,208,160,234,180,257,74,224,102,229,123,249,138,268,a,1
202,202.0,5.0,114,304,153,286,182,251,189,223,180,205,153,193,175,173,193,160,210,147,126,190,152,172,177,163,202,156,97,198,131,197,156,223,176,247,70,216,98,216,119,236,135,255,a,1
203,203.0,6.0,114,295,150,278,176,243,184,218,177,200,149,187,170,165,185,151,201,138,122,186,145,165,168,157,191,150,93,195,125,189,151,216,171,241,66,213,91,206,112,225,127,244,a,1
204,204.0,7.0,110,290,144,274,172,242,181,218,172,202,141,185,164,161,180,145,195,129,113,183,138,161,161,150,182,142,85,193,118,186,144,212,163,237,59,212,86,206,107,226,122,246,a,1
205,205.0,8.0,101,292,136,278,165,246,177,221,170,202,137,193,158,166,174,147,188,130,110,190,132,162,155,148,176,139,82,197,115,187,137,215,153,239,55,213,82,204,101,224,113,244,a,1
206,206.0,9.0,86,318,121,313,148,297,153,281,141,268,128,224,144,196,148,193,154,200,91,221,103,244,113,281,120,309,59,235,78,274,93,305,103,327,34,258,52,289,67,314,76,329,a,1
207,207.0,10.0,75,339,113,336,144,321,151,304,139,292,124,251,142,216,141,226,140,251,86,248,94,256,99,289,105,316,52,261,71,303,85,339,95,362,26,284,45,321,59,351,67,366,a,1
208,208.0,11.0,51,385,94,373,125,357,132,351,129,351,109,284,143,280,146,304,141,324,74,287,106,306,118,335,122,357,43,307,74,355,90,390,97,413,19,337,44,375,60,401,66,416,a,1
209,209.0,12.0,58,403,94,394,126,384,146,380,168,377,111,329,149,342,171,371,186,398,86,338,127,369,152,405,166,432,62,357,96,392,120,423,135,447,42,381,61,406,81,426,95,442,a,1
210,210.0,13.0,63,463,116,448,151,434,174,430,201,426,134,368,170,383,189,408,200,431,99,376,141,413,159,445,168,463,69,400,105,446,119,470,123,478,45,430,71,464,82,479,84,481,a,1
211,211.0,14.0,69,447,120,432,153,427,174,439,191,450,137,357,171,381,187,406,196,424,102,367,147,412,165,443,172,459,70,392,108,444,117,466,118,471,44,424,70,458,76,468,72,465,a,1
212,212.0,15.0,75,453,124,437,155,423,176,423,193,425,139,345,174,373,186,396,190,410,102,354,151,400,164,428,168,441,69,379,110,434,112,455,106,460,44,413,74,450,76,461,69,459,a,1
213,213.0,16.0,68,447,123,429,156,412,177,407,193,404,146,333,178,360,184,387,185,403,112,341,153,383,165,411,171,427,80,364,119,419,132,446,138,460,55,395,81,430,87,444,86,449,a,1
214,214.0,17.0,71,428,124,408,160,388,180,375,194,368,145,313,185,342,186,369,179,382,111,322,158,366,168,395,169,410,79,346,123,398,137,425,144,440,52,377,84,409,98,424,103,432,a,1
215,215.0,18.0,85,367,125,341,156,305,176,276,191,252,122,270,148,259,164,265,176,273,100,272,129,272,148,290,159,307,80,280,113,283,133,300,145,316,64,293,91,287,108,297,118,308,a,1
216,216.0,19.0,116,313,150,293,176,263,188,241,189,222,148,221,165,200,182,186,198,176,126,219,148,197,172,187,194,181,104,225,136,217,154,237,164,257,83,237,109,228,124,241,132,257,a,1
217,217.0,20.0,122,297,156,279,182,248,195,227,196,207,156,198,180,178,198,165,214,154,132,196,161,177,187,167,210,158,109,204,150,208,169,237,181,260,88,220,120,219,137,238,146,254,a,1
218,218.0,21.0,121,294,156,276,181,244,195,221,204,201,155,194,180,172,199,160,217,150,134,193,164,172,190,160,215,150,112,202,155,205,173,235,183,256,93,217,126,215,139,232,144,247,a,1
219,219.0,22.0,122,293,158,273,182,243,196,221,203,200,156,192,182,172,201,159,219,149,135,191,167,170,195,157,220,147,114,199,159,201,176,229,186,252,95,215,129,213,142,232,147,250,a,1
220,220.0,23.0,124,318,158,300,185,267,197,245,199,225,153,215,178,197,196,186,214,176,129,216,160,198,186,189,209,181,107,228,147,232,167,259,179,279,88,248,115,242,131,252,139,260,a,1
221,221.0,24.0,118,320,155,301,181,269,193,249,195,232,151,217,178,198,197,187,215,177,128,216,161,198,188,188,211,180,106,225,151,232,170,262,180,284,90,243,123,241,141,257,151,272,a,1
222,222.0,25.0,111,333,150,314,178,283,191,263,194,245,148,228,173,212,192,202,210,194,122,228,153,213,179,205,203,199,99,239,139,244,155,271,165,292,81,259,111,256,128,269,139,281,a,1
223,223.0,26.0,103,346,144,329,175,298,187,267,191,239,141,245,165,226,179,224,189,224,113,246,150,249,163,272,167,289,89,259,127,271,142,296,149,314,70,280,97,280,110,294,115,306,a,1
224,224.0,27.0,93,358,139,348,169,322,178,294,182,269,146,261,168,236,173,255,172,275,115,262,142,264,153,299,155,324,88,275,117,302,132,333,137,351,66,297,89,318,102,340,105,352,a,1
225,225.0,28.0,106,391,131,379,159,359,168,353,169,354,116,326,115,337,122,363,127,386,81,331,86,362,102,397,112,421,57,349,63,382,76,410,84,429,39,370,43,394,52,413,59,429,a,1
226,226.0,29.0,100,426,135,413,160,396,163,394,155,402,122,321,140,359,147,395,150,414,86,334,114,392,130,428,137,448,59,360,89,426,112,455,124,469,43,393,69,440,89,461,101,470,a,1
227,227.0,30.0,40,491,79,471,121,456,145,461,140,472,81,385,122,397,138,418,145,428,47,402,110,441,126,463,128,476,25,437,86,480,99,491,100,491,12,474,59,506,74,513,76,508,a,1
228,228.0,31.0,39,470,84,457,119,444,136,443,139,452,76,387,110,414,127,440,132,454,46,400,88,443,104,468,106,478,25,425,62,467,78,486,81,493,10,454,36,483,50,498,53,506,a,1
229,229.0,32.0,31,482,77,469,114,455,134,447,147,438,87,378,127,401,136,434,130,450,59,388,105,425,117,455,113,464,36,411,79,448,96,471,95,476,18,440,52,467,70,483,73,487,a,1
230,230.0,33.0,107,444,134,420,163,400,170,410,141,433,89,375,112,386,130,402,134,413,55,404,85,439,106,453,116,459,37,439,72,474,91,484,97,486,29,472,51,497,67,507,72,508,a,1
231,231.0,34.0,86,407,136,384,180,358,215,343,242,334,136,302,174,291,202,297,221,302,112,317,157,312,191,319,215,324,94,344,140,352,174,362,196,371,84,377,124,390,152,400,173,407,a,1
232,232.0,35.0,103,396,156,372,197,347,228,335,261,323,159,285,202,283,227,288,244,290,134,299,187,300,219,306,240,312,116,325,174,346,203,371,221,392,105,359,152,370,181,381,202,392,a,1
233,233.0,36.0,118,382,171,354,212,328,246,320,279,313,176,271,219,267,247,269,272,270,153,286,206,287,242,290,271,294,137,314,198,335,221,360,234,378,127,347,177,358,203,368,220,376,a,1
234,234.0,37.0,133,368,189,345,228,321,260,313,292,310,194,260,243,255,274,256,301,257,176,272,233,268,270,272,298,276,162,297,219,298,254,306,279,313,154,330,200,334,224,341,241,347,a,1
235,235.0,38.0,195,328,257,308,296,285,327,277,352,272,278,223,333,222,364,226,389,231,261,231,322,234,359,240,388,244,247,252,303,274,306,292,301,301,238,280,282,295,291,302,293,304,a,1
236,236.0,39.0,215,315,277,298,315,278,345,272,375,270,301,215,355,216,387,220,413,224,285,224,349,228,387,233,417,236,272,245,332,255,362,260,383,260,264,274,307,284,324,286,334,285,a,1
237,237.0,40.0,233,305,293,289,332,269,363,264,394,264,320,214,372,214,402,218,426,222,304,223,365,227,401,232,429,236,290,243,347,258,362,270,369,276,281,270,323,281,334,286,339,287,a,1
238,238.0,41.0,262,300,323,290,362,272,390,267,415,264,355,211,405,217,434,221,459,225,342,214,400,223,437,230,466,235,328,229,387,260,383,287,372,303,319,253,367,275,368,292,361,304,a,1
239,239.0,42.0,270,295,328,287,367,273,398,273,423,274,363,215,413,220,442,225,467,230,350,218,411,226,447,233,475,239,337,233,396,267,396,294,388,310,328,256,374,281,376,297,370,306,a,1
240,240.0,43.0,275,295,333,290,371,277,401,275,425,274,367,217,417,223,446,229,471,234,355,220,416,229,452,237,480,244,344,234,402,268,402,296,395,314,336,256,380,281,382,299,376,309,a,1
241,241.0,44.0,274,303,330,298,370,282,399,277,423,273,365,221,413,229,443,236,468,241,353,224,411,235,448,244,479,251,341,239,399,272,398,302,390,321,333,262,378,287,382,307,377,319,a,1
242,242.0,45.0,264,308,317,300,360,283,393,280,419,279,356,226,406,233,436,239,462,244,344,229,405,240,443,247,474,253,333,245,392,279,386,306,373,320,325,269,370,296,368,313,358,322,a,1
243,243.0,46.0,255,312,305,299,350,281,383,280,411,280,345,229,396,236,425,240,450,244,333,237,393,246,429,252,460,253,321,255,377,287,368,305,354,312,312,280,354,304,348,316,336,319,a,1
244,244.0,47.0,243,318,292,299,338,283,374,285,401,286,329,230,382,238,413,244,439,250,316,242,377,252,414,258,445,262,304,265,363,293,353,307,338,310,294,292,342,312,337,320,325,319,a,1
245,245.0,48.0,226,324,272,300,320,284,358,290,385,293,312,235,368,245,401,253,429,261,299,251,363,263,402,274,433,282,287,277,347,306,339,320,325,324,279,307,327,327,325,334,316,334,a,1
246,246.0,0.0,61,405,97,373,111,339,123,316,132,293,70,292,107,269,130,253,150,239,55,301,102,273,130,255,154,239,48,319,112,315,122,342,121,362,50,343,100,335,115,350,117,362,a,1
247,247.0,1.0,61,405,97,373,111,339,123,316,132,293,70,292,107,269,130,253,150,239,55,301,102,273,130,255,154,239,48,319,112,315,122,342,121,362,50,343,100,335,115,350,117,362,a,1
248,248.0,2.0,57,407,93,373,109,339,122,316,132,296,67,294,105,268,129,251,151,237,53,303,100,272,130,253,156,237,47,321,108,314,121,340,124,360,50,344,97,335,114,348,119,361,a,1
249,249.0,3.0,55,408,93,372,109,339,123,316,134,295,67,295,105,268,130,251,152,236,54,304,101,271,131,252,157,236,48,321,109,313,121,339,123,358,52,344,99,335,115,350,120,363,a,1
250,250.0,4.0,55,409,93,373,110,339,124,316,134,295,67,295,106,269,130,252,151,238,54,304,101,272,131,253,156,237,48,322,110,313,122,339,122,358,52,345,99,335,114,350,118,362,a,1
251,251.0,5.0,56,408,95,373,111,339,124,316,135,295,67,295,105,268,130,252,151,238,54,304,100,271,131,253,156,237,48,321,110,312,121,340,121,360,51,343,100,335,114,350,116,364,a,1
252,252.0,6.0,56,408,94,373,110,339,124,316,134,295,67,295,105,268,129,251,151,237,53,304,100,271,131,253,157,237,48,321,109,313,122,339,123,359,51,344,98,335,115,349,119,362,a,1
253,253.0,7.0,57,411,95,374,110,340,124,317,134,296,67,295,105,268,129,250,151,236,52,305,99,272,130,253,156,237,45,323,108,316,122,342,125,362,48,347,96,337,113,350,119,363,a,1
254,254.0,8.0,62,417,99,378,114,342,127,319,140,299,71,295,109,271,134,255,156,241,57,305,102,277,132,257,158,240,50,325,112,321,127,345,130,365,52,350,99,345,116,358,122,371,a,1
255,255.0,9.0,62,418,99,378,115,341,128,319,141,300,72,295,110,270,134,254,157,241,58,305,103,276,134,256,160,240,51,324,113,322,129,345,135,365,53,349,100,345,118,357,126,370,a,1
256,256.0,10.0,70,424,104,380,122,342,138,320,153,307,80,296,122,274,149,260,174,248,70,307,120,284,150,266,175,250,66,329,131,331,140,356,136,372,69,356,121,358,133,373,133,385,a,1
257,257.0,11.0,69,424,105,381,125,343,141,322,154,309,81,297,120,274,146,259,170,247,69,307,118,283,149,265,174,248,64,327,131,330,140,355,138,371,67,353,120,356,133,371,134,382,a,1
258,258.0,12.0,76,430,101,385,126,344,155,327,182,320,98,299,147,275,181,263,211,254,95,312,153,292,189,278,218,263,97,337,163,346,161,367,150,379,103,365,156,374,156,387,144,394,a,1
259,259.0,13.0,76,432,101,386,125,347,151,330,172,322,99,304,145,279,175,267,202,258,96,317,152,292,185,276,213,260,98,339,162,346,157,367,144,377,105,366,154,374,153,388,142,394,a,1
260,260.0,14.0,106,443,128,394,165,353,211,338,244,331,145,314,205,289,241,277,270,269,146,332,213,305,250,289,278,274,150,360,220,356,214,375,197,386,159,391,214,390,207,404,192,410,a,1
261,261.0,15.0,121,439,139,385,179,342,230,332,269,330,165,309,227,292,263,284,294,278,169,332,236,307,274,294,304,282,176,364,242,356,230,371,209,379,185,398,235,387,226,396,210,402,a,1
262,262.0,16.0,126,440,143,387,182,344,230,335,269,335,165,309,226,295,262,288,293,281,169,332,234,307,272,292,303,277,177,364,245,355,235,371,216,379,186,397,241,386,234,396,220,401,a,1
263,263.0,17.0,130,437,143,385,179,343,228,336,266,340,166,310,229,293,265,284,294,277,175,333,243,309,284,295,316,282,187,363,251,355,240,372,222,381,200,394,249,382,241,392,228,399,a,1
264,264.0,18.0,131,437,143,385,179,343,227,336,265,341,167,309,230,292,266,284,296,278,176,332,242,308,282,294,315,280,187,362,249,354,239,371,222,380,199,394,248,381,242,392,230,399,a,1
265,265.0,19.0,129,433,144,379,185,335,236,319,274,312,169,306,231,291,272,286,303,282,177,327,249,312,260,328,259,337,188,355,253,344,246,361,229,369,200,385,246,374,238,385,224,391,a,1
266,266.0,20.0,130,432,142,379,182,335,232,322,271,316,167,307,229,291,269,285,301,281,177,327,246,308,266,314,275,317,188,355,252,343,246,358,229,366,202,385,247,373,238,384,223,390,a,1
267,267.0,21.0,104,413,116,374,152,334,195,322,230,317,131,296,187,269,223,261,250,256,137,306,207,283,241,291,262,302,147,324,223,326,234,355,233,376,159,348,216,340,240,343,255,343,a,1
268,268.0,22.0,80,410,83,364,108,325,140,308,167,300,96,291,152,266,186,255,212,251,104,299,163,270,199,260,227,255,118,315,182,312,193,329,196,341,135,334,185,328,203,330,217,328,a,1
269,269.0,23.0,76,407,75,360,97,320,131,305,161,302,92,292,147,267,181,257,208,252,103,301,161,272,195,259,222,248,119,317,175,312,176,331,170,343,136,336,181,328,193,333,201,332,a,1
270,270.0,24.0,57,404,57,360,80,319,117,304,146,300,69,290,121,266,153,254,180,245,80,297,135,268,166,254,191,240,97,312,151,306,139,327,121,336,116,331,155,326,144,341,128,348,a,1
271,271.0,25.0,46,403,47,359,69,320,106,305,137,302,54,291,102,264,129,251,152,242,65,298,115,265,145,250,169,235,80,312,136,300,132,323,119,335,99,330,139,320,136,338,125,349,a,1
272,272.0,26.0,41,402,44,360,67,319,106,302,138,295,47,290,94,261,122,246,145,234,56,297,107,263,137,247,162,230,70,312,127,298,123,323,110,337,88,330,130,319,127,338,116,350,a,1
273,273.0,27.0,42,404,46,359,70,316,110,299,143,292,46,289,97,259,126,245,149,232,56,298,110,263,142,246,166,227,71,315,131,300,127,323,114,336,90,335,134,320,132,338,122,350,a,1
274,274.0,28.0,41,405,47,360,70,318,110,301,144,293,47,288,97,259,127,244,151,232,56,298,111,262,142,245,167,226,71,314,131,301,128,325,115,339,89,335,134,321,132,340,121,352,a,1
275,275.0,29.0,50,406,54,358,78,315,119,299,154,293,57,290,109,261,139,246,164,235,69,302,123,266,155,248,180,230,84,321,142,305,134,324,118,336,103,343,143,329,137,344,124,352,a,1
276,276.0,30.0,49,405,55,359,79,316,120,300,154,295,57,289,109,261,139,247,165,235,69,300,122,265,154,248,180,229,84,319,143,305,135,326,119,336,103,341,146,329,139,345,125,353,a,1
277,277.0,31.0,61,406,64,359,88,316,128,300,160,294,71,290,123,264,155,251,181,241,82,301,137,268,170,252,197,237,97,319,153,307,144,326,127,335,114,341,154,331,146,345,132,352,a,1
278,278.0,32.0,60,407,65,362,89,319,129,303,161,297,71,290,123,265,155,252,181,242,82,301,137,270,170,253,196,236,98,319,154,309,145,329,129,338,116,340,156,332,148,347,134,355,a,1
279,279.0,33.0,84,414,90,367,117,325,153,305,187,296,110,294,166,273,200,263,227,256,117,308,175,279,213,263,243,249,128,330,193,318,218,331,233,341,142,357,193,345,219,347,239,346,a,1
280,280.0,34.0,88,413,96,366,127,322,166,298,201,281,112,293,168,272,201,263,226,255,118,308,177,281,214,266,245,252,129,332,196,323,219,336,231,345,144,358,195,348,218,349,237,347,a,1
281,281.0,35.0,102,415,111,370,140,330,179,314,216,309,133,296,190,276,226,268,253,263,138,312,200,283,239,273,269,267,149,336,220,324,246,334,258,342,163,365,218,350,245,345,264,339,a,1
282,282.0,36.0,107,423,120,374,150,336,191,326,224,326,147,303,204,285,237,277,264,271,153,319,214,296,250,283,279,271,163,345,222,342,215,362,200,373,174,374,219,365,216,377,207,383,a,1
283,283.0,37.0,105,423,118,375,151,337,195,328,233,325,146,304,204,287,237,278,266,270,153,320,213,294,248,281,276,269,162,345,224,339,219,359,206,371,173,373,220,364,217,377,207,383,a,1
284,284.0,0.0,78,458,85,405,112,347,150,312,175,285,79,322,129,286,161,267,185,251,89,338,140,299,167,281,187,266,104,363,160,342,165,359,165,375,120,391,163,379,172,387,176,393,a,1
285,285.0,1.0,78,458,85,405,112,347,150,312,175,285,79,322,129,286,161,267,185,251,89,338,140,299,167,281,187,266,104,363,160,342,165,359,165,375,120,391,163,379,172,387,176,393,a,1
286,286.0,2.0,63,441,79,391,108,345,147,327,179,319,77,311,128,276,157,258,180,243,81,328,135,287,170,263,194,243,91,352,158,334,167,360,161,379,104,379,153,363,160,378,155,393,a,1
287,287.0,3.0,64,438,77,389,104,345,141,328,170,319,77,311,130,277,160,259,183,243,82,326,137,287,170,263,193,242,92,349,154,334,159,361,152,382,106,375,152,360,155,378,150,394,a,1
288,288.0,4.0,61,423,86,377,114,334,149,315,175,304,81,295,133,264,163,247,188,232,80,308,136,272,172,251,199,231,86,329,157,319,165,348,159,367,98,354,151,344,162,363,161,377,a,1
289,289.0,5.0,64,422,87,374,112,334,146,316,172,307,81,297,132,266,162,249,186,234,81,309,137,272,170,251,196,232,88,331,156,318,163,344,158,362,101,356,152,344,161,362,160,376,a,1
290,290.0,6.0,69,429,85,382,115,338,152,321,182,313,98,301,152,277,185,263,214,252,101,313,158,284,194,266,222,247,109,334,174,334,171,358,158,373,121,361,170,360,171,376,164,386,a,1
291,291.0,7.0,84,438,96,388,127,345,165,328,195,321,119,311,179,286,217,274,248,266,123,330,191,308,232,298,264,290,131,358,193,358,187,375,172,386,141,387,188,386,182,396,168,402,a,1
292,292.0,8.0,87,436,108,386,142,343,180,323,209,313,125,304,185,280,225,275,257,276,122,325,198,308,245,310,276,318,126,355,199,360,206,379,200,391,134,387,191,389,200,399,197,403,a,1
293,293.0,9.0,93,447,118,395,163,356,215,350,253,351,146,316,214,297,255,295,286,298,147,341,220,322,264,316,296,311,151,376,228,383,226,399,213,405,158,414,220,416,226,422,223,420,a,1
294,294.0,10.0,103,444,128,391,172,349,223,339,260,335,152,313,221,294,261,297,287,302,149,341,227,318,271,316,298,318,152,378,233,380,241,396,230,403,158,416,225,414,238,420,239,419,a,1
295,295.0,11.0,114,458,139,402,184,360,236,356,275,361,170,327,229,304,272,305,303,315,166,358,242,338,292,337,325,341,167,398,257,401,263,420,249,432,172,438,247,438,249,446,236,450,a,1
296,296.0,12.0,113,455,142,399,189,360,243,357,284,361,175,325,234,305,276,306,308,314,169,356,243,338,291,337,324,340,168,395,255,398,267,418,260,430,170,435,243,435,252,445,247,451,a,1
297,297.0,13.0,125,440,151,384,203,341,259,329,300,325,189,308,253,304,291,307,318,309,194,336,264,323,306,319,336,314,202,373,276,380,271,403,254,417,212,413,268,415,264,430,252,441,a,1
298,298.0,14.0,131,422,147,367,187,330,231,318,266,318,189,304,252,289,290,287,315,288,194,322,267,310,283,326,286,336,201,348,265,349,261,367,246,374,208,378,254,380,249,393,236,399,a,1
299,299.0,15.0,130,420,146,368,185,332,229,321,264,321,188,305,250,289,289,288,315,291,194,325,265,313,280,325,280,333,200,351,258,352,250,368,233,373,207,381,249,379,240,390,226,395,a,1
300,300.0,16.0,123,414,135,365,165,333,200,323,228,325,176,308,230,287,262,280,289,277,185,319,241,293,273,286,299,283,194,339,244,341,235,362,221,374,202,364,239,367,231,382,218,391,a,1
301,301.0,17.0,125,413,135,364,165,331,202,325,231,329,173,307,228,288,260,281,287,276,183,321,240,296,272,288,297,281,194,342,244,342,234,361,220,372,203,369,241,367,232,381,218,389,a,1
302,302.0,18.0,119,410,131,364,162,333,198,327,226,329,169,308,221,289,251,281,276,276,178,318,232,295,262,288,288,280,188,338,236,342,226,365,213,378,197,363,233,365,224,382,213,391,a,1
303,303.0,19.0,122,410,131,364,160,333,193,326,219,330,167,307,219,289,249,282,275,277,176,318,230,295,261,288,286,279,186,338,237,340,229,363,216,375,195,363,234,364,229,381,218,391,a,1
304,304.0,20.0,98,408,107,364,138,328,176,318,206,320,139,300,194,282,227,273,257,265,146,316,203,293,239,283,269,274,155,340,211,339,200,356,183,366,165,367,206,364,198,375,185,381,a,1
305,305.0,21.0,70,420,82,377,117,336,158,322,187,318,104,299,163,277,199,265,230,255,108,318,171,289,210,272,243,257,116,345,182,335,169,352,149,361,127,375,177,365,168,376,152,383,a,1
306,306.0,22.0,69,423,82,374,115,333,160,321,193,318,102,299,161,278,197,267,228,258,109,319,171,290,210,273,243,256,119,347,180,336,170,352,152,361,130,376,178,364,169,374,154,379,a,1
307,307.0,23.0,48,431,43,378,73,330,122,321,158,322,73,311,127,282,164,267,194,255,96,331,145,297,177,277,205,261,115,357,146,339,132,352,118,362,129,384,147,367,137,374,127,380,a,1
308,308.0,24.0,44,429,36,377,67,329,117,319,152,319,63,311,120,281,160,266,193,254,82,331,139,296,177,276,206,261,101,356,145,340,136,355,122,369,119,383,148,366,142,375,132,384,a,1
309,309.0,25.0,22,448,21,398,48,348,93,332,127,326,21,326,79,294,118,276,150,262,29,354,91,314,132,293,164,277,42,388,99,360,102,367,94,375,57,421,106,399,109,401,103,403,a,1
310,310.0,26.0,14,454,24,403,49,355,88,337,120,330,17,326,75,294,114,276,146,262,18,355,81,318,123,297,156,282,26,390,89,367,98,378,94,389,38,424,93,404,104,405,102,407,a,1
311,0.0,,10,278,67,276,116,259,150,246,181,236,109,190,153,159,184,144,215,132,82,185,136,153,180,144,217,141,52,194,105,212,131,252,143,285,24,218,67,241,84,270,88,294,a,1
312,1.0,,10,278,67,276,116,259,150,246,181,236,109,190,153,159,184,144,215,132,82,185,136,153,180,144,217,141,52,194,105,212,131,252,143,285,24,218,67,241,84,270,88,294,a,1
313,2.0,,17,293,72,288,120,263,152,242,181,222,113,186,157,153,188,137,218,123,84,176,136,144,180,133,217,127,52,183,110,198,134,246,144,283,24,205,72,223,96,253,107,278,a,1
314,3.0,,0,294,62,289,112,264,148,243,181,222,104,183,151,153,183,137,213,122,76,174,132,145,176,133,215,125,46,181,110,201,134,247,145,283,22,204,72,224,97,255,109,280,a,1
315,4.0,,-7,300,56,298,109,271,144,247,175,227,107,190,151,160,184,144,215,131,80,180,132,150,177,137,214,130,51,187,113,214,132,260,138,295,25,211,75,240,87,274,86,301,a,1
316,5.0,,-7,299,58,298,110,273,146,250,178,231,107,191,153,161,186,145,217,132,81,181,133,148,176,134,213,124,52,188,114,214,133,263,139,298,28,211,77,238,90,272,90,298,a,1
317,6.0,,-11,369,54,359,117,353,159,363,183,377,133,296,198,308,233,338,254,367,106,304,167,344,196,382,212,412,72,328,118,402,122,443,117,462,39,361,75,422,79,448,77,459,a,1
318,7.0,,-5,365,68,357,132,357,174,378,205,401,142,294,209,307,248,332,276,358,111,302,179,336,214,373,235,405,75,328,125,403,128,444,121,463,39,362,78,423,82,448,79,457,a,1
319,8.0,,-39,365,30,357,94,353,136,372,169,397,110,280,178,300,222,318,258,334,78,287,148,327,195,356,229,379,43,311,90,391,94,431,90,452,10,345,50,407,64,437,69,453,a,1
320,9.0,,-54,336,20,333,81,330,122,345,149,356,93,251,156,256,192,277,220,299,65,251,126,274,162,313,183,348,32,269,79,332,88,383,87,414,0,300,38,356,50,389,53,408,a,1
321,10.0,,-58,329,17,333,79,331,120,344,147,356,93,248,157,258,193,284,219,308,64,247,127,275,161,317,181,353,31,266,78,329,88,382,88,414,0,296,36,353,51,387,56,409,a,1
322,11.0,,-72,291,3,303,62,305,101,316,128,326,82,225,132,208,168,205,200,206,58,217,113,213,150,238,175,266,30,225,73,277,84,327,85,360,2,246,36,296,47,329,50,350,a,1
323,12.0,,-84,267,-7,276,53,276,93,288,124,302,71,206,128,200,166,203,199,206,49,205,108,219,144,247,168,274,23,221,67,279,78,327,80,358,-4,246,32,295,45,325,50,344,a,1
324,13.0,,-77,265,-12,275,46,258,88,229,120,200,58,188,103,157,130,139,154,123,37,165,79,137,112,123,139,111,10,159,47,191,51,238,50,272,-20,167,9,201,23,240,31,270,a,1
325,14.0,,-64,250,-2,252,44,234,74,212,105,191,52,164,90,128,117,112,142,99,22,148,61,118,94,108,126,101,-10,148,26,162,43,194,56,223,-42,164,-12,190,4,224,15,254,a,1
326,15.0,,-54,251,-1,249,44,229,72,210,103,193,43,163,85,127,115,113,143,101,10,157,52,123,86,111,119,100,-23,164,11,149,44,151,74,156,-55,185,-29,187,-7,201,9,217,a,1
327,16.0,,-39,254,2,253,40,232,66,210,95,187,35,163,73,123,104,107,132,95,10,160,45,118,80,105,114,95,-16,169,8,141,44,130,78,125,-43,191,-28,180,-6,184,11,192,a,1
328,17.0,,-27,248,11,247,45,227,69,207,98,188,36,157,73,120,103,104,130,94,14,156,46,115,79,103,111,95,-9,168,11,139,44,128,75,123,-33,191,-22,179,-4,180,11,187,a,1
329,,,118,464,158,404,175,337,175,292,163,255,138,314,189,301,225,297,257,295,117,340,188,331,233,327,269,322,109,376,189,386,192,409,181,421,110,415,173,422,174,434,160,438,a,1
330,,,118,464,158,404,175,337,175,292,163,255,138,314,189,301,225,297,257,295,117,340,188,331,233,327,269,322,109,376,189,386,192,409,181,421,110,415,173,422,174,434,160,438,a,1
331,,,114,471,159,410,175,347,174,303,164,265,135,323,186,311,225,309,262,310,113,349,185,343,233,342,273,341,103,386,185,399,195,422,189,434,102,426,170,435,176,446,165,449,a,1
332,,,116,471,160,410,173,344,171,300,163,263,136,322,186,307,225,305,260,305,113,349,188,342,235,340,274,337,104,386,189,398,196,422,186,436,104,425,173,433,176,445,160,448,a,1
333,,,117,472,162,412,175,346,172,302,163,265,136,323,186,308,226,306,263,307,113,350,187,342,236,340,275,338,103,387,189,399,197,423,189,437,102,426,172,434,176,446,162,450,a,1
334,,,116,473,159,412,174,347,173,302,164,266,138,326,187,311,226,310,262,310,114,354,189,347,234,345,272,343,105,392,188,404,194,426,183,438,103,432,172,439,175,449,161,451,a,1
335,,,116,470,161,408,173,341,170,296,162,259,133,322,185,308,224,306,260,306,111,349,185,344,232,341,271,337,103,386,188,398,192,422,181,434,103,425,173,433,175,445,160,448,a,1
336,,,120,470,166,408,177,342,171,298,159,261,133,320,179,306,217,303,253,303,109,345,182,339,227,337,265,334,100,382,184,396,190,420,181,432,100,421,169,431,173,443,160,446,a,1
337,,,121,469,168,405,179,340,174,296,163,258,135,321,181,306,219,302,256,300,111,348,184,340,228,338,266,335,101,383,185,396,190,420,181,433,100,422,168,430,172,442,161,447,a,1
338,,,116,470,163,407,176,342,172,297,162,260,132,320,180,305,218,300,256,298,108,345,181,339,225,336,263,332,99,380,183,394,186,419,176,432,98,418,167,430,169,443,156,446,a,1
339,,,114,468,161,405,174,340,172,296,162,259,131,318,181,304,220,301,256,301,108,345,181,339,225,337,262,334,99,381,183,393,187,417,177,429,99,419,169,428,171,440,156,443,a,1
340,,,115,469,162,405,175,340,172,296,160,260,131,318,180,305,218,302,254,302,107,344,179,339,223,336,260,331,98,379,182,395,185,418,174,430,98,418,167,430,168,443,153,445,a,1
341,,,117,467,165,404,177,339,173,295,161,258,131,318,179,302,217,298,253,297,107,344,180,337,225,334,262,331,98,380,183,391,190,416,181,431,97,418,167,426,172,439,160,444,a,1
342,,,118,463,166,400,178,336,173,293,161,256,133,316,180,300,217,297,253,296,108,343,179,334,223,330,261,327,98,378,182,389,189,412,181,426,97,416,165,423,170,434,159,439,a,1
343,,,118,462,165,399,176,335,172,293,161,255,131,316,179,299,216,295,252,294,108,342,178,333,222,329,261,326,99,376,182,387,189,411,182,425,99,413,165,421,171,433,159,438,a,1
344,,,118,461,165,399,177,336,173,293,162,255,131,316,177,300,214,294,249,292,107,341,176,333,220,328,259,325,98,376,180,387,189,411,183,425,98,412,164,420,171,433,161,439,a,1
345,,,116,459,160,396,172,333,170,292,161,254,130,316,179,300,217,295,253,293,108,343,178,333,222,328,259,325,100,378,181,386,190,410,183,424,100,414,165,419,171,432,161,438,a,1
346,,,118,460,166,399,177,336,173,294,162,256,131,316,178,300,215,295,251,292,108,341,176,332,221,327,259,322,99,375,180,386,188,410,180,424,99,411,165,419,171,432,160,438,a,1
347,,,118,457,164,395,176,333,173,292,163,255,133,315,180,299,217,294,254,294,110,341,179,332,222,327,259,323,101,376,181,386,188,409,180,422,100,413,165,419,170,431,159,435,a,1
348,,,119,457,167,397,178,335,175,293,164,256,132,316,178,299,216,295,251,294,109,341,177,332,221,327,259,323,100,375,180,386,188,409,180,422,100,411,165,419,171,431,160,436,a,1
349,,,118,457,164,395,175,332,172,292,163,254,133,315,179,299,216,294,252,292,110,342,179,332,223,327,261,324,101,377,182,385,190,408,182,423,101,413,166,418,172,430,161,435,a,1
350,,,118,458,165,396,177,333,174,293,164,255,134,315,180,299,218,294,253,292,110,342,179,332,224,327,261,323,101,378,182,385,190,408,182,422,101,414,167,419,172,431,160,435,a,1
351,,,117,457,165,397,177,334,174,293,164,255,134,314,182,299,220,295,256,293,111,341,180,331,224,326,261,322,102,376,182,384,188,407,179,421,101,412,167,418,172,430,160,434,a,1
352,,,118,456,165,396,176,333,174,292,164,255,135,314,184,298,221,294,257,292,113,340,183,331,226,326,263,321,105,375,185,384,187,406,176,419,106,410,171,417,172,429,158,433,a,1
353,,,119,457,165,396,176,333,173,292,162,256,134,313,183,298,221,293,257,291,112,338,183,330,227,325,265,320,105,372,185,383,188,407,177,419,106,408,172,417,174,429,159,433,a,1
354,,,119,456,165,395,176,332,174,291,164,254,135,313,186,299,224,295,260,293,114,339,185,329,228,325,266,320,106,373,186,382,188,405,176,418,107,409,172,416,173,428,157,432,a,1
355,,,120,456,166,396,177,332,174,291,163,256,135,312,184,298,223,294,259,293,113,338,184,330,229,325,267,320,106,373,186,383,189,407,178,420,106,409,173,417,175,429,160,433,a,1
356,,,122,456,168,395,179,333,175,292,165,255,137,313,186,298,224,295,260,294,115,338,185,329,229,326,267,322,107,373,187,382,191,406,181,419,108,409,173,416,175,429,162,433,a,1
357,,,122,455,169,395,180,333,175,292,165,256,137,313,186,298,225,295,261,294,116,338,185,329,230,326,268,322,107,372,187,382,190,406,179,420,108,408,173,416,175,429,161,433,a,1
358,,,124,457,171,395,181,333,176,292,166,256,139,313,187,299,225,296,261,294,117,339,188,331,231,328,269,323,109,373,188,384,189,407,176,419,109,409,174,419,173,431,157,433,a,1
359,,,124,457,171,396,182,333,178,292,168,256,140,314,188,299,226,296,262,296,118,340,188,331,231,328,269,324,110,374,189,385,190,408,179,420,109,409,175,419,175,431,160,434,a,1
360,,,122,458,169,397,180,334,176,293,167,258,140,314,189,299,227,296,263,296,118,339,189,330,233,327,271,323,110,374,190,384,193,408,182,421,110,409,176,418,177,430,162,434,a,1
361,,,123,458,169,397,180,334,176,292,166,257,140,315,189,300,227,296,263,295,118,339,189,331,233,327,271,323,109,374,190,384,193,408,181,420,109,409,176,418,176,430,160,434,a,1
362,,,118,464,158,404,175,337,175,292,163,255,138,314,189,301,225,297,257,295,117,340,188,331,233,327,269,322,109,376,189,386,192,409,181,421,110,415,173,422,174,434,160,438,a,1
363,,,118,464,158,404,175,337,175,292,163,255,138,314,189,301,225,297,257,295,117,340,188,331,233,327,269,322,109,376,189,386,192,409,181,421,110,415,173,422,174,434,160,438,a,1
364,,,114,471,159,410,175,347,174,303,164,265,135,323,186,311,225,309,262,310,113,349,185,343,233,342,273,341,103,386,185,399,195,422,189,434,102,426,170,435,176,446,165,449,a,1
365,,,116,471,160,410,173,344,171,300,163,263,136,322,186,307,225,305,260,305,113,349,188,342,235,340,274,337,104,386,189,398,196,422,186,436,104,425,173,433,176,445,160,448,a,1
366,,,117,472,162,412,175,346,172,302,163,265,136,323,186,308,226,306,263,307,113,350,187,342,236,340,275,338,103,387,189,399,197,423,189,437,102,426,172,434,176,446,162,450,a,1
367,,,116,473,159,412,174,347,173,302,164,266,138,326,187,311,226,310,262,310,114,354,189,347,234,345,272,343,105,392,188,404,194,426,183,438,103,432,172,439,175,449,161,451,a,1
368,,,116,470,161,408,173,341,170,296,162,259,133,322,185,308,224,306,260,306,111,349,185,344,232,341,271,337,103,386,188,398,192,422,181,434,103,425,173,433,175,445,160,448,a,1
369,,,120,470,166,408,177,342,171,298,159,261,133,320,179,306,217,303,253,303,109,345,182,339,227,337,265,334,100,382,184,396,190,420,181,432,100,421,169,431,173,443,160,446,a,1
370,,,121,469,168,405,179,340,174,296,163,258,135,321,181,306,219,302,256,300,111,348,184,340,228,338,266,335,101,383,185,396,190,420,181,433,100,422,168,430,172,442,161,447,a,1
371,,,116,470,163,407,176,342,172,297,162,260,132,320,180,305,218,300,256,298,108,345,181,339,225,336,263,332,99,380,183,394,186,419,176,432,98,418,167,430,169,443,156,446,a,1
372,,,114,468,161,405,174,340,172,296,162,259,131,318,181,304,220,301,256,301,108,345,181,339,225,337,262,334,99,381,183,393,187,417,177,429,99,419,169,428,171,440,156,443,a,1
373,,,115,469,162,405,175,340,172,296,160,260,131,318,180,305,218,302,254,302,107,344,179,339,223,336,260,331,98,379,182,395,185,418,174,430,98,418,167,430,168,443,153,445,a,1
374,,,117,467,165,404,177,339,173,295,161,258,131,318,179,302,217,298,253,297,107,344,180,337,225,334,262,331,98,380,183,391,190,416,181,431,97,418,167,426,172,439,160,444,a,1
375,,,118,463,166,400,178,336,173,293,161,256,133,316,180,300,217,297,253,296,108,343,179,334,223,330,261,327,98,378,182,389,189,412,181,426,97,416,165,423,170,434,159,439,a,1
376,,,118,462,165,399,176,335,172,293,161,255,131,316,179,299,216,295,252,294,108,342,178,333,222,329,261,326,99,376,182,387,189,411,182,425,99,413,165,421,171,433,159,438,a,1
377,,,118,461,165,399,177,336,173,293,162,255,131,316,177,300,214,294,249,292,107,341,176,333,220,328,259,325,98,376,180,387,189,411,183,425,98,412,164,420,171,433,161,439,a,1
378,,,116,459,160,396,172,333,170,292,161,254,130,316,179,300,217,295,253,293,108,343,178,333,222,328,259,325,100,378,181,386,190,410,183,424,100,414,165,419,171,432,161,438,a,1
379,,,118,460,166,399,177,336,173,294,162,256,131,316,178,300,215,295,251,292,108,341,176,332,221,327,259,322,99,375,180,386,188,410,180,424,99,411,165,419,171,432,160,438,a,1
380,,,118,457,164,395,176,333,173,292,163,255,133,315,180,299,217,294,254,294,110,341,179,332,222,327,259,323,101,376,181,386,188,409,180,422,100,413,165,419,170,431,159,435,a,1
381,,,119,457,167,397,178,335,175,293,164,256,132,316,178,299,216,295,251,294,109,341,177,332,221,327,259,323,100,375,180,386,188,409,180,422,100,411,165,419,171,431,160,436,a,1
382,,,118,457,164,395,175,332,172,292,163,254,133,315,179,299,216,294,252,292,110,342,179,332,223,327,261,324,101,377,182,385,190,408,182,423,101,413,166,418,172,430,161,435,a,1
383,,,118,458,165,396,177,333,174,293,164,255,134,315,180,299,218,294,253,292,110,342,179,332,224,327,261,323,101,378,182,385,190,408,182,422,101,414,167,419,172,431,160,435,a,1
384,,,117,457,165,397,177,334,174,293,164,255,134,314,182,299,220,295,256,293,111,341,180,331,224,326,261,322,102,376,182,384,188,407,179,421,101,412,167,418,172,430,160,434,a,1
385,,,118,456,165,396,176,333,174,292,164,255,135,314,184,298,221,294,257,292,113,340,183,331,226,326,263,321,105,375,185,384,187,406,176,419,106,410,171,417,172,429,158,433,a,1
386,,,119,457,165,396,176,333,173,292,162,256,134,313,183,298,221,293,257,291,112,338,183,330,227,325,265,320,105,372,185,383,188,407,177,419,106,408,172,417,174,429,159,433,a,1
387,,,119,456,165,395,176,332,174,291,164,254,135,313,186,299,224,295,260,293,114,339,185,329,228,325,266,320,106,373,186,382,188,405,176,418,107,409,172,416,173,428,157,432,a,1
388,,,120,456,166,396,177,332,174,291,163,256,135,312,184,298,223,294,259,293,113,338,184,330,229,325,267,320,106,373,186,383,189,407,178,420,106,409,173,417,175,429,160,433,a,1
389,,,122,456,168,395,179,333,175,292,165,255,137,313,186,298,224,295,260,294,115,338,185,329,229,326,267,322,107,373,187,382,191,406,181,419,108,409,173,416,175,429,162,433,a,1
390,,,122,455,169,395,180,333,175,292,165,256,137,313,186,298,225,295,261,294,116,338,185,329,230,326,268,322,107,372,187,382,190,406,179,420,108,408,173,416,175,429,161,433,a,1
391,,,124,457,171,395,181,333,176,292,166,256,139,313,187,299,225,296,261,294,117,339,188,331,231,328,269,323,109,373,188,384,189,407,176,419,109,409,174,419,173,431,157,433,a,1
392,,,124,457,171,396,182,333,178,292,168,256,140,314,188,299,226,296,262,296,118,340,188,331,231,328,269,324,110,374,189,385,190,408,179,420,109,409,175,419,175,431,160,434,a,1
393,,,122,458,169,397,180,334,176,293,167,258,140,314,189,299,227,296,263,296,118,339,189,330,233,327,271,323,110,374,190,384,193,408,182,421,110,409,176,418,177,430,162,434,a,1
394,,,123,458,169,397,180,334,176,292,166,257,140,315,189,300,227,296,263,295,118,339,189,331,233,327,271,323,109,374,190,384,193,408,181,420,109,409,176,418,176,430,160,434,a,1
395,,,48,473,29,423,46,374,84,348,114,328,32,383,98,327,145,297,180,273,53,421,127,356,176,315,209,286,78,452,149,401,165,392,165,386,104,473,158,428,160,421,149,420,a,1
396,,,48,473,29,423,46,374,84,348,114,328,32,383,98,327,145,297,180,273,53,421,127,356,176,315,209,286,78,452,149,401,165,392,165,386,104,473,158,428,160,421,149,420,a,1
397,,,42,484,23,440,43,385,82,354,107,334,39,391,109,325,156,290,192,263,62,428,137,350,186,301,222,268,89,459,158,402,158,404,141,412,113,481,174,439,170,441,147,450,a,1
398,,,40,495,22,444,45,392,87,366,122,351,31,382,102,322,152,292,192,267,53,421,134,347,187,303,225,273,79,457,159,401,160,406,145,419,105,487,170,439,169,442,152,456,a,1
399,,,55,519,36,466,50,409,86,374,119,349,30,389,101,322,151,288,191,261,51,423,131,344,187,299,228,265,79,457,156,400,159,415,142,433,111,486,170,436,168,449,149,467,a,1
400,,,53,538,36,481,50,421,96,389,137,368,28,390,101,322,150,289,190,264,49,421,133,342,185,300,224,268,78,456,161,401,159,424,140,446,110,488,175,443,170,459,148,477,a,1
401,,,57,553,34,491,45,426,83,387,118,362,27,393,101,322,149,289,189,266,50,420,132,340,185,298,226,268,80,454,162,399,159,424,139,447,113,485,175,440,170,458,151,476,a,1
402,,,39,575,19,501,37,431,93,394,144,375,21,396,97,324,145,290,185,267,50,422,134,339,184,298,223,266,84,454,165,395,157,422,135,447,121,486,178,432,169,451,151,473,a,1
403,,,50,584,28,509,42,437,86,394,129,372,24,399,99,326,147,293,187,269,49,422,131,337,182,298,222,269,82,454,164,394,159,422,139,449,120,488,179,434,171,453,153,476,a,1
404,,,54,583,30,507,44,435,98,395,149,375,24,400,99,326,148,293,189,271,53,424,134,338,186,297,226,266,88,454,167,394,161,422,142,448,126,485,181,432,175,452,158,475,a,1
405,,,55,584,31,508,45,436,98,396,148,375,25,401,99,327,148,294,189,271,53,424,134,339,186,298,227,266,88,454,167,396,162,425,142,451,126,485,182,434,175,456,158,478,a,1
406,,,44,571,30,493,56,419,119,385,175,370,30,389,111,317,163,284,207,262,55,418,145,334,199,292,242,262,88,453,179,391,172,414,149,437,123,486,191,432,184,446,165,464,a,1
407,,,101,530,83,449,105,377,160,338,211,317,93,339,184,280,240,254,281,235,113,376,209,302,271,270,312,255,142,418,244,350,283,357,293,373,173,458,246,394,273,381,282,378,a,1
408,,,99,527,84,448,109,376,166,338,218,319,97,338,187,281,242,254,283,235,115,377,211,305,271,272,311,257,142,421,242,358,270,375,270,398,170,462,243,400,266,392,272,394,a,1
409,,,150,462,147,391,173,328,220,292,263,277,173,291,255,236,303,216,336,205,190,310,270,247,319,224,351,212,214,338,294,289,330,305,342,325,240,369,300,331,327,334,339,342,a,1
410,,,188,390,192,322,220,277,262,263,294,266,225,244,290,207,331,196,360,193,246,258,315,216,359,201,391,189,270,281,336,279,339,307,328,325,293,310,343,306,343,326,331,342,a,1
411,,,192,378,194,313,220,270,260,257,291,261,228,241,294,206,334,193,363,189,246,257,317,218,361,201,393,188,267,281,330,273,330,297,318,314,288,310,335,299,337,315,329,330,a,1
412,,,197,352,206,294,238,252,282,240,313,242,242,221,311,196,351,186,381,182,259,241,327,210,367,198,398,186,276,267,331,263,318,279,300,287,291,297,329,289,321,300,309,307,a,1
413,,,199,352,205,293,235,250,277,237,308,238,245,220,307,196,344,186,372,181,261,240,327,210,366,196,396,184,278,267,331,262,320,278,302,287,293,299,331,287,322,298,308,306,a,1
414,,,205,337,210,281,240,240,281,229,311,232,247,211,311,187,347,180,374,179,263,229,330,201,368,190,399,179,280,256,332,255,318,271,298,278,295,286,331,279,318,290,301,296,a,1
415,,,206,326,213,273,241,235,279,222,308,221,249,205,312,183,349,175,378,171,262,223,328,196,368,185,399,176,276,248,332,247,318,263,299,271,290,278,331,271,319,281,304,287,a,1
416,,,208,323,214,271,244,232,284,219,315,218,249,203,313,181,350,174,381,171,261,221,328,196,368,186,399,178,276,247,332,245,319,261,301,268,290,276,331,269,320,280,304,286,a,1
417,,,208,322,214,270,244,231,284,219,315,219,249,203,312,182,349,174,380,172,262,221,328,195,368,186,400,178,277,246,332,245,320,261,301,268,292,274,332,268,320,279,305,285,a,1
418,,,206,321,214,269,245,230,286,217,317,216,249,202,313,181,350,174,381,171,261,221,328,196,368,186,400,177,275,247,333,245,320,260,301,266,290,277,332,269,320,279,304,283,a,1
419,,,206,321,214,270,245,230,286,217,317,216,250,202,314,181,351,174,382,171,262,221,328,195,368,185,400,177,276,248,333,246,320,261,301,267,290,277,332,270,320,280,304,284,a,1
420,,,205,322,214,270,245,231,285,218,315,217,250,202,313,181,350,175,381,172,262,220,328,196,368,186,400,178,277,246,333,245,319,261,301,268,291,276,332,269,320,280,304,286,a,1
421,,,204,323,212,272,242,233,281,219,311,219,248,203,311,182,349,175,379,172,261,221,328,196,368,187,400,178,276,246,332,245,319,261,300,268,291,276,331,269,319,280,304,286,a,1
422,,,205,324,212,272,243,232,283,219,314,218,248,203,312,182,349,175,380,172,261,221,328,196,368,186,400,178,276,246,332,245,319,261,301,267,291,276,331,268,319,280,304,285,a,1
423,,,203,324,211,272,242,232,281,219,312,219,247,202,311,183,349,176,380,173,261,220,328,196,367,187,399,179,276,246,332,245,319,261,300,268,291,276,331,269,319,280,303,285,a,1
424,,,204,323,212,271,242,232,283,219,313,218,248,202,311,182,349,175,379,173,261,220,328,196,367,187,398,178,276,246,332,245,319,261,301,267,291,275,331,269,319,280,304,285,a,1
425,,,203,326,212,274,243,234,283,222,314,223,248,205,310,184,348,177,378,173,262,222,328,197,367,188,399,180,277,248,333,248,319,264,301,270,292,277,331,272,319,283,303,287,a,1
426,,,205,325,212,272,243,233,283,221,314,221,250,205,312,184,348,176,378,174,263,222,330,198,368,189,400,180,278,248,333,247,320,263,301,269,292,278,332,271,319,283,303,288,a,1
427,,,204,324,212,272,242,233,282,221,312,222,250,204,312,183,348,176,378,173,263,222,329,198,368,188,399,180,278,248,333,247,320,263,302,269,292,278,331,271,319,282,303,288,a,1
428,,,205,325,212,272,242,233,282,221,313,222,250,204,311,183,348,176,378,173,263,223,329,198,368,188,399,180,278,248,333,247,320,263,301,269,292,278,331,271,319,282,303,288,a,1
429,,,204,325,211,272,242,233,282,221,312,222,250,205,311,183,348,176,377,173,263,222,329,198,368,188,399,180,278,248,333,247,320,263,302,269,292,278,331,271,319,282,303,288,a,1
430,,,204,324,211,271,242,233,282,220,312,221,250,205,311,184,347,176,376,173,263,223,329,198,368,189,399,180,278,249,333,248,320,263,302,269,291,279,331,272,318,283,302,288,a,1
431,,,204,325,211,272,241,233,281,221,312,221,250,205,312,184,348,177,377,173,263,223,330,198,368,189,400,180,278,249,334,248,320,264,302,270,292,279,331,272,318,283,302,288,a,1
432,,,204,325,211,272,241,233,281,221,311,221,250,205,312,184,348,177,377,174,263,223,330,198,369,189,400,181,278,248,334,248,320,263,302,269,292,278,331,272,319,283,303,288,a,1
433,,,204,325,211,272,241,233,281,221,311,221,250,205,311,184,348,177,377,174,263,223,330,198,368,189,400,180,278,248,334,248,320,263,302,269,292,278,331,272,319,283,303,288,a,1
434,,,204,326,210,273,240,234,280,221,309,221,249,205,311,184,347,177,376,174,263,222,330,198,368,189,400,180,278,248,333,248,320,264,301,270,293,278,331,272,319,283,303,289,a,1
435,,,205,325,211,272,241,233,281,221,311,222,249,205,311,184,347,177,377,174,264,223,330,198,368,189,400,180,279,249,333,248,320,263,301,269,293,278,331,272,318,283,302,288,a,1
436,,,204,326,210,273,241,234,281,221,311,222,249,205,311,184,347,177,377,174,263,223,330,198,368,189,400,181,278,248,333,248,319,264,301,270,292,278,331,272,318,284,302,289,a,1
437,,,205,325,211,272,241,233,281,221,311,222,249,205,311,184,347,177,376,174,264,223,330,198,368,189,400,180,279,248,333,248,320,263,301,269,293,278,331,272,318,283,302,288,a,1
438,,,205,326,212,273,242,234,282,222,312,222,250,205,312,185,348,177,378,174,264,222,330,199,368,190,400,181,280,248,333,249,320,265,302,270,294,278,331,273,319,284,303,289,a,1
439,,,206,325,212,273,242,234,282,221,311,222,250,204,312,184,348,177,378,175,264,221,330,198,369,190,400,181,279,247,334,248,320,264,302,270,294,277,332,272,319,283,304,288,a,1
440,,,206,322,212,269,241,232,279,219,309,220,249,203,311,183,347,176,376,174,264,220,330,198,368,189,399,181,279,245,333,246,320,262,303,268,294,275,332,269,321,280,305,285,a,1
441,,,206,322,212,269,241,231,281,219,311,221,250,203,311,184,347,177,377,174,264,221,329,198,367,190,398,181,278,247,333,247,320,263,302,268,293,276,331,271,319,281,303,286,a,1
442,,,206,322,212,270,242,231,281,219,311,220,250,203,311,184,347,177,377,174,264,221,329,198,367,189,398,181,278,246,333,247,320,263,302,269,293,276,331,271,319,281,303,286,a,1
443,,,205,324,211,272,241,233,281,221,311,223,249,205,310,185,347,178,377,175,264,222,328,199,365,190,396,182,280,248,331,248,318,264,300,270,294,277,331,271,318,283,303,288,a,1
444,,,206,324,211,272,240,232,280,220,310,221,249,205,310,184,346,177,375,174,264,223,329,199,367,191,397,182,280,248,331,248,318,264,300,270,294,277,331,271,318,282,303,288,a,1
445,,,204,330,213,275,247,234,290,225,322,229,253,210,315,193,352,188,380,188,267,229,330,210,370,203,401,199,280,255,326,254,315,269,299,278,293,283,326,277,317,287,304,295,a,1
446,,,139,435,123,387,119,326,112,281,95,248,143,307,204,261,242,242,274,227,163,326,228,271,271,244,305,224,185,353,248,316,243,332,228,347,209,385,256,350,260,355,256,361,a,1
447,,,139,435,123,387,119,326,112,281,95,248,143,307,204,261,242,242,274,227,163,326,228,271,271,244,305,224,185,353,248,316,243,332,228,347,209,385,256,350,260,355,256,361,a,1
448,,,143,412,132,364,130,308,126,269,108,242,162,284,219,249,253,231,280,218,178,300,235,261,271,238,298,218,197,324,248,315,240,333,223,344,215,353,250,342,245,355,235,364,a,1
449,,,144,412,133,364,131,309,125,269,108,241,162,285,218,251,252,233,278,220,176,300,235,261,270,239,298,221,194,324,247,312,237,330,220,342,213,353,250,338,246,350,235,360,a,1
450,,,145,410,134,363,131,307,125,268,108,241,163,283,220,248,254,232,280,219,177,299,236,260,271,238,298,220,194,323,247,311,238,330,222,342,213,353,250,336,247,348,238,357,a,1
451,,,140,402,128,358,125,305,120,269,104,242,153,276,208,246,242,231,268,219,169,287,225,252,260,233,287,215,187,307,240,302,228,325,210,335,207,334,244,324,234,340,220,348,a,1
452,,,142,398,129,356,124,304,120,267,104,241,155,276,210,246,241,232,266,220,171,288,227,255,261,235,287,217,189,308,241,301,229,321,210,331,209,334,245,320,235,335,221,344,a,1
453,,,147,396,133,355,129,304,125,269,110,243,160,277,213,247,246,233,272,222,175,287,230,254,264,236,290,220,194,305,245,300,236,322,218,335,215,329,251,318,245,334,233,346,a,1
454,,,157,394,147,354,151,305,149,269,135,244,186,283,244,257,280,246,306,239,201,294,264,305,259,329,242,341,218,313,271,323,261,345,244,358,236,333,275,339,269,358,257,372,a,1
455,,,162,390,149,349,150,305,147,270,134,245,186,284,241,255,278,244,305,238,203,296,261,305,252,328,231,340,221,315,271,323,259,343,239,355,240,335,277,338,268,356,254,368,a,1
456,,,162,388,149,349,151,305,148,270,135,245,187,284,241,255,277,244,303,236,204,297,262,303,251,325,229,336,222,317,271,323,258,342,236,352,239,338,276,341,266,358,249,369,a,1
457,,,178,393,166,352,172,308,173,273,160,249,210,287,265,264,299,255,324,249,229,302,283,309,276,331,260,345,248,326,295,331,285,350,269,362,265,352,300,357,292,373,279,385,a,1
458,,,178,396,164,353,170,308,172,273,161,249,210,287,264,263,299,254,325,249,229,302,284,308,279,331,263,345,247,326,296,330,289,350,273,363,264,353,302,357,296,374,284,385,a,1
459,,,191,397,177,355,180,310,182,277,173,251,225,288,278,268,311,262,337,257,241,299,292,292,306,293,313,291,258,320,304,327,293,344,276,353,275,345,309,347,300,363,287,374,a,1
460,,,198,400,185,358,188,312,189,278,180,252,229,290,280,269,310,261,333,255,246,302,298,277,330,266,356,256,262,322,306,321,294,340,276,350,276,348,310,341,300,356,286,366,a,1
461,,,199,402,188,359,192,312,193,277,184,251,232,290,284,269,314,261,338,256,248,303,302,280,336,270,363,261,264,324,308,324,296,341,278,350,279,351,313,343,303,357,289,366,a,1
462,,,198,402,187,360,192,312,194,277,185,251,233,290,286,270,317,262,341,258,249,303,304,279,338,268,364,260,265,323,309,323,296,342,277,352,280,350,313,343,303,358,288,368,a,1
463,,,198,403,187,361,192,313,194,278,185,252,233,291,285,270,316,262,340,257,249,303,304,279,338,268,364,260,264,324,309,322,296,341,278,351,279,351,313,343,303,357,289,367,a,1
464,,,201,408,192,365,197,314,200,278,190,249,234,292,291,272,324,264,349,259,249,306,307,283,343,274,372,265,264,329,312,330,299,348,281,357,279,358,317,351,307,364,292,372,a,1
465,,,200,410,192,366,198,315,201,278,191,250,234,293,291,273,324,265,349,260,249,307,308,285,344,274,372,265,264,331,313,330,299,348,280,357,279,360,317,352,306,365,290,373,a,1
466,,,197,430,192,381,202,324,207,282,196,251,236,306,298,284,336,274,365,269,251,324,316,299,356,288,386,278,268,351,319,349,307,367,287,377,285,384,323,377,311,391,295,401,a,1
467,,,193,448,190,397,202,335,208,290,198,254,232,320,301,294,341,284,374,276,246,342,320,313,364,299,399,289,260,374,325,363,307,381,284,392,276,410,326,394,312,407,293,417,a,1
468,,,191,452,191,398,203,335,208,290,197,256,231,319,301,294,340,283,370,275,244,342,320,313,364,300,398,290,258,374,325,362,307,380,283,391,275,411,325,394,311,406,291,414,a,1
469,,,192,452,191,398,203,335,208,290,197,256,230,319,302,294,341,284,372,276,243,341,320,313,364,299,397,289,259,373,324,362,307,380,283,390,276,410,325,393,311,405,291,414,a,1
470,,,192,452,192,399,203,335,208,290,197,256,230,318,301,294,341,284,372,276,243,341,320,313,363,299,397,289,258,373,324,362,306,380,283,391,275,410,325,394,311,406,291,415,a,1
471,,,189,460,193,405,209,340,217,295,205,260,228,322,302,298,345,289,379,282,239,346,319,320,366,307,403,298,252,381,322,368,307,388,285,402,268,419,321,401,309,414,291,427,a,1
472,,,190,466,189,406,215,349,242,306,244,274,231,353,290,324,330,309,359,301,248,380,311,348,350,328,377,314,267,410,327,377,367,356,394,342,284,440,332,411,364,394,389,381,a,1
473,,,198,471,195,412,217,347,238,302,238,266,214,361,271,328,315,312,353,301,233,394,290,353,335,330,372,312,254,427,304,384,342,359,372,340,272,456,307,423,330,405,350,391,a,1
474,,,196,464,192,407,214,346,236,302,238,270,217,361,273,327,314,310,348,297,238,391,296,353,339,328,372,310,260,421,314,379,353,353,382,334,281,447,321,411,349,391,372,376,a,1
475,,,202,460,196,405,215,345,235,302,236,269,218,361,272,330,314,314,350,302,239,393,294,355,339,331,375,313,261,423,312,381,350,355,378,337,281,448,318,413,343,393,365,378,a,1
476,,,139,435,123,387,119,326,112,281,95,248,143,307,204,261,242,242,274,227,163,326,228,271,271,244,305,224,185,353,248,316,243,332,228,347,209,385,256,350,260,355,256,361,a,1
477,,,139,435,123,387,119,326,112,281,95,248,143,307,204,261,242,242,274,227,163,326,228,271,271,244,305,224,185,353,248,316,243,332,228,347,209,385,256,350,260,355,256,361,a,1
478,,,143,412,132,364,130,308,126,269,108,242,162,284,219,249,253,231,280,218,178,300,235,261,271,238,298,218,197,324,248,315,240,333,223,344,215,353,250,342,245,355,235,364,a,1
479,,,144,412,133,364,131,309,125,269,108,241,162,285,218,251,252,233,278,220,176,300,235,261,270,239,298,221,194,324,247,312,237,330,220,342,213,353,250,338,246,350,235,360,a,1
480,,,145,410,134,363,131,307,125,268,108,241,163,283,220,248,254,232,280,219,177,299,236,260,271,238,298,220,194,323,247,311,238,330,222,342,213,353,250,336,247,348,238,357,a,1
481,,,140,402,128,358,125,305,120,269,104,242,153,276,208,246,242,231,268,219,169,287,225,252,260,233,287,215,187,307,240,302,228,325,210,335,207,334,244,324,234,340,220,348,a,1
482,,,142,398,129,356,124,304,120,267,104,241,155,276,210,246,241,232,266,220,171,288,227,255,261,235,287,217,189,308,241,301,229,321,210,331,209,334,245,320,235,335,221,344,a,1
483,,,147,396,133,355,129,304,125,269,110,243,160,277,213,247,246,233,272,222,175,287,230,254,264,236,290,220,194,305,245,300,236,322,218,335,215,329,251,318,245,334,233,346,a,1
484,,,157,394,147,354,151,305,149,269,135,244,186,283,244,257,280,246,306,239,201,294,264,305,259,329,242,341,218,313,271,323,261,345,244,358,236,333,275,339,269,358,257,372,a,1
485,,,162,390,149,349,150,305,147,270,134,245,186,284,241,255,278,244,305,238,203,296,261,305,252,328,231,340,221,315,271,323,259,343,239,355,240,335,277,338,268,356,254,368,a,1
486,,,162,388,149,349,151,305,148,270,135,245,187,284,241,255,277,244,303,236,204,297,262,303,251,325,229,336,222,317,271,323,258,342,236,352,239,338,276,341,266,358,249,369,a,1
487,,,178,393,166,352,172,308,173,273,160,249,210,287,265,264,299,255,324,249,229,302,283,309,276,331,260,345,248,326,295,331,285,350,269,362,265,352,300,357,292,373,279,385,a,1
488,,,178,396,164,353,170,308,172,273,161,249,210,287,264,263,299,254,325,249,229,302,284,308,279,331,263,345,247,326,296,330,289,350,273,363,264,353,302,357,296,374,284,385,a,1
489,,,191,397,177,355,180,310,182,277,173,251,225,288,278,268,311,262,337,257,241,299,292,292,306,293,313,291,258,320,304,327,293,344,276,353,275,345,309,347,300,363,287,374,a,1
490,,,198,400,185,358,188,312,189,278,180,252,229,290,280,269,310,261,333,255,246,302,298,277,330,266,356,256,262,322,306,321,294,340,276,350,276,348,310,341,300,356,286,366,a,1
491,,,199,402,188,359,192,312,193,277,184,251,232,290,284,269,314,261,338,256,248,303,302,280,336,270,363,261,264,324,308,324,296,341,278,350,279,351,313,343,303,357,289,366,a,1
492,,,198,402,187,360,192,312,194,277,185,251,233,290,286,270,317,262,341,258,249,303,304,279,338,268,364,260,265,323,309,323,296,342,277,352,280,350,313,343,303,358,288,368,a,1
493,,,198,403,187,361,192,313,194,278,185,252,233,291,285,270,316,262,340,257,249,303,304,279,338,268,364,260,264,324,309,322,296,341,278,351,279,351,313,343,303,357,289,367,a,1
494,,,201,408,192,365,197,314,200,278,190,249,234,292,291,272,324,264,349,259,249,306,307,283,343,274,372,265,264,329,312,330,299,348,281,357,279,358,317,351,307,364,292,372,a,1
495,,,200,410,192,366,198,315,201,278,191,250,234,293,291,273,324,265,349,260,249,307,308,285,344,274,372,265,264,331,313,330,299,348,280,357,279,360,317,352,306,365,290,373,a,1
496,,,197,430,192,381,202,324,207,282,196,251,236,306,298,284,336,274,365,269,251,324,316,299,356,288,386,278,268,351,319,349,307,367,287,377,285,384,323,377,311,391,295,401,a,1
497,,,193,448,190,397,202,335,208,290,198,254,232,320,301,294,341,284,374,276,246,342,320,313,364,299,399,289,260,374,325,363,307,381,284,392,276,410,326,394,312,407,293,417,a,1
498,,,191,452,191,398,203,335,208,290,197,256,231,319,301,294,340,283,370,275,244,342,320,313,364,300,398,290,258,374,325,362,307,380,283,391,275,411,325,394,311,406,291,414,a,1
499,,,192,452,191,398,203,335,208,290,197,256,230,319,302,294,341,284,372,276,243,341,320,313,364,299,397,289,259,373,324,362,307,380,283,390,276,410,325,393,311,405,291,414,a,1
500,,,192,452,192,399,203,335,208,290,197,256,230,318,301,294,341,284,372,276,243,341,320,313,363,299,397,289,258,373,324,362,306,380,283,391,275,410,325,394,311,406,291,415,a,1
501,,,189,460,193,405,209,340,217,295,205,260,228,322,302,298,345,289,379,282,239,346,319,320,366,307,403,298,252,381,322,368,307,388,285,402,268,419,321,401,309,414,291,427,a,1
502,,,190,466,189,406,215,349,242,306,244,274,231,353,290,324,330,309,359,301,248,380,311,348,350,328,377,314,267,410,327,377,367,356,394,342,284,440,332,411,364,394,389,381,a,1
503,,,198,471,195,412,217,347,238,302,238,266,214,361,271,328,315,312,353,301,233,394,290,353,335,330,372,312,254,427,304,384,342,359,372,340,272,456,307,423,330,405,350,391,a,1
504,,,196,464,192,407,214,346,236,302,238,270,217,361,273,327,314,310,348,297,238,391,296,353,339,328,372,310,260,421,314,379,353,353,382,334,281,447,321,411,349,391,372,376,a,1
505,,,202,460,196,405,215,345,235,302,236,269,218,361,272,330,314,314,350,302,239,393,294,355,339,331,375,313,261,423,312,381,350,355,378,337,281,448,318,413,343,393,365,378,a,1
